<?xml version="1.0" encoding="UTF-8"?><Bundle xmlns="http://hl7.org/fhir"><type value="collection"/><entry/><entry><resource><OperationOutcome><extension url="http://hl7.org/fhir/StructureDefinition/operationoutcome-file"><valueString value="/home/danielt/local/mdr/fsh-generated/resources/CapabilityStatement-NZ-MDR"/></extension><issue><extension url="http://hl7.org/fhir/StructureDefinition/operationoutcome-issue-source"><valueCode value="ProfileValidator"/></extension><extension url="http://hl7.org/fhir/StructureDefinition/operationoutcome-message-id"><valueCode value="RESOURCE_CANONICAL_MISMATCH"/></extension><severity value="error"/><code value="structure"/><details><text value="Conformance resource /home/danielt/local/mdr/fsh-generated/resources/CapabilityStatement-NZ-MDR.json - the canonical URL (http://hl7.org.nz/fhir/ig/mdr/CapabilityStatement/NZ-MDR) does not match the URL (https://apibroker.whanautahi.com/mdr/fhir/metadata)"/></details><expression value="CapabilityStatement.where(url = 'https://apibroker.whanautahi.com/mdr/fhir/metadata')"/></issue><issue><extension url="http://hl7.org/fhir/StructureDefinition/operationoutcome-issue-source"><valueCode value="Publisher"/></extension><severity value="error"/><code value="business-rule"/><details><text value="URL Mismatch http://hl7.org.nz/fhir/ig/mdr/CapabilityStatement/NZ-MDR vs https://apibroker.whanautahi.com/mdr/fhir/metadata"/></details><expression value="/home/danielt/local/mdr/fsh-generated/resources/CapabilityStatement-NZ-MDR"/></issue></OperationOutcome></resource></entry><entry><resource><OperationOutcome><extension url="http://hl7.org/fhir/StructureDefinition/operationoutcome-file"><valueString value="/home/danielt/local/mdr/fsh-generated/resources/ImplementationGuide-hl7.org.nz.fhir.ig.mdr"/></extension></OperationOutcome></resource></entry><entry><resource><OperationOutcome><extension url="http://hl7.org/fhir/StructureDefinition/operationoutcome-file"><valueString value="/home/danielt/local/mdr/fsh-generated/resources/StructureDefinition-NzepsMedicationDispense"/></extension><issue><extension url="http://hl7.org/fhir/StructureDefinition/operationoutcome-issue-source"><valueCode value="ProfileValidator"/></extension><extension url="http://hl7.org/fhir/StructureDefinition/operationoutcome-message-id"><valueCode value="RESOURCE_CANONICAL_MISMATCH"/></extension><severity value="error"/><code value="structure"/><details><text value="Conformance resource /home/danielt/local/mdr/fsh-generated/resources/StructureDefinition-NzepsMedicationDispense.json - the canonical URL (http://hl7.org.nz/fhir/ig/mdr/StructureDefinition/NzepsMedicationDispense) does not match the URL (http://hl7.org.nz/fhir/StructureDefinition/NzepsMedicationDispense)"/></details><expression value="StructureDefinition.where(url = 'http://hl7.org.nz/fhir/StructureDefinition/NzepsMedicationDispense')"/></issue><issue><extension url="http://hl7.org/fhir/StructureDefinition/operationoutcome-issue-source"><valueCode value="InstanceValidator"/></extension><extension url="http://hl7.org/fhir/StructureDefinition/operationoutcome-message-id"><valueCode value="SECURITY_STRING_CONTENT_WARNING"/></extension><severity value="information"/><code value="structure"/><details><text value="The string value contains text that looks like embedded HTML tags. If this content is rendered to HTML without appropriate post-processing, it may be a security risk"/></details><expression value="StructureDefinition/NzepsMedicationDispense: StructureDefinition.snapshot.element[28].mapping[0].map"/></issue><issue><extension url="http://hl7.org/fhir/StructureDefinition/operationoutcome-issue-source"><valueCode value="Publisher"/></extension><severity value="warning"/><code value="business-rule"/><details><text value="The Implementation Guide contains no examples for this profile"/></details><expression value="StructureDefinition.where(url = 'http://hl7.org.nz/fhir/StructureDefinition/NzepsMedicationDispense')"/></issue><issue><extension url="http://hl7.org/fhir/StructureDefinition/operationoutcome-issue-source"><valueCode value="Publisher"/></extension><severity value="error"/><code value="business-rule"/><details><text value="URL Mismatch http://hl7.org.nz/fhir/ig/mdr/StructureDefinition/NzepsMedicationDispense vs http://hl7.org.nz/fhir/StructureDefinition/NzepsMedicationDispense"/></details><expression value="/home/danielt/local/mdr/fsh-generated/resources/StructureDefinition-NzepsMedicationDispense"/></issue></OperationOutcome></resource></entry><entry><resource><OperationOutcome><extension url="http://hl7.org/fhir/StructureDefinition/operationoutcome-file"><valueString value="/home/danielt/local/mdr/fsh-generated/resources/StructureDefinition-NzepsMedicationRequest"/></extension><issue><extension url="http://hl7.org/fhir/StructureDefinition/operationoutcome-issue-source"><valueCode value="ProfileValidator"/></extension><extension url="http://hl7.org/fhir/StructureDefinition/operationoutcome-message-id"><valueCode value="RESOURCE_CANONICAL_MISMATCH"/></extension><severity value="error"/><code value="structure"/><details><text value="Conformance resource /home/danielt/local/mdr/fsh-generated/resources/StructureDefinition-NzepsMedicationRequest.json - the canonical URL (http://hl7.org.nz/fhir/ig/mdr/StructureDefinition/NzepsMedicationRequest) does not match the URL (http://hl7.org.nz/fhir/StructureDefinition/NzepsMedicationRequest)"/></details><expression value="StructureDefinition.where(url = 'http://hl7.org.nz/fhir/StructureDefinition/NzepsMedicationRequest')"/></issue><issue><extension url="http://hl7.org/fhir/StructureDefinition/operationoutcome-issue-source"><valueCode value="Publisher"/></extension><severity value="warning"/><code value="business-rule"/><details><text value="The Implementation Guide contains no examples for this profile"/></details><expression value="StructureDefinition.where(url = 'http://hl7.org.nz/fhir/StructureDefinition/NzepsMedicationRequest')"/></issue><issue><extension url="http://hl7.org/fhir/StructureDefinition/operationoutcome-issue-source"><valueCode value="Publisher"/></extension><severity value="error"/><code value="business-rule"/><details><text value="URL Mismatch http://hl7.org.nz/fhir/ig/mdr/StructureDefinition/NzepsMedicationRequest vs http://hl7.org.nz/fhir/StructureDefinition/NzepsMedicationRequest"/></details><expression value="/home/danielt/local/mdr/fsh-generated/resources/StructureDefinition-NzepsMedicationRequest"/></issue></OperationOutcome></resource></entry><entry><resource><OperationOutcome><extension url="http://hl7.org/fhir/StructureDefinition/operationoutcome-file"><valueString value="/home/danielt/local/mdr/fsh-generated/resources/StructureDefinition-bodyweight"/></extension><issue><extension url="http://hl7.org/fhir/StructureDefinition/operationoutcome-issue-source"><valueCode value="InstanceValidator"/></extension><extension url="http://hl7.org/fhir/StructureDefinition/operationoutcome-message-id"><valueCode value="Rule sdf-0: 'Name should be usable as an identifier for the module by machine processing applications such as code generation' Failed"/></extension><severity value="warning"/><code value="invariant"/><details><text value="Rule sdf-0: 'Name should be usable as an identifier for the module by machine processing applications such as code generation' Failed"/></details><expression value="StructureDefinition/bodyweight: StructureDefinition"/></issue><issue><extension url="http://hl7.org/fhir/StructureDefinition/operationoutcome-issue-source"><valueCode value="Publisher"/></extension><severity value="warning"/><code value="business-rule"/><details><text value="The Implementation Guide contains no examples for this profile"/></details><expression value="StructureDefinition.where(url = 'http://hl7.org.nz/fhir/ig/mdr/StructureDefinition/bodyweight')"/></issue></OperationOutcome></resource></entry><entry><resource><OperationOutcome><extension url="http://hl7.org/fhir/StructureDefinition/operationoutcome-file"><valueString value="/home/danielt/local/mdr/fsh-generated/resources/StructureDefinition-nzeps-endorsement"/></extension><issue><extension url="http://hl7.org/fhir/StructureDefinition/operationoutcome-issue-source"><valueCode value="InstanceValidator"/></extension><severity value="warning"/><code value="business-rule"/><details><text value="The valueSet reference http://hl7.org.nz/fhir/ValueSet/nzeps-endorsement-type on element Extension.extension.valueCodeableConcept could not be resolved"/></details><expression value="StructureDefinition/nzeps-endorsement: StructureDefinition.differential.element[5].binding"/></issue><issue><extension url="http://hl7.org/fhir/StructureDefinition/operationoutcome-issue-source"><valueCode value="InstanceValidator"/></extension><severity value="warning"/><code value="business-rule"/><details><text value="The valueSet reference http://hl7.org.nz/fhir/ValueSet/nzeps-endorsement-type on element Extension.extension.value[x] could not be resolved"/></details><expression value="StructureDefinition/nzeps-endorsement: StructureDefinition.snapshot.element[8].binding"/></issue><issue><extension url="http://hl7.org/fhir/StructureDefinition/operationoutcome-issue-source"><valueCode value="Publisher"/></extension><severity value="warning"/><code value="business-rule"/><details><text value="The Implementation Guide contains no examples for this extension"/></details><expression value="StructureDefinition.where(url = 'http://hl7.org.nz/fhir/ig/mdr/StructureDefinition/nzeps-endorsement')"/></issue></OperationOutcome></resource></entry><entry><resource><OperationOutcome><extension url="http://hl7.org/fhir/StructureDefinition/operationoutcome-file"><valueString value="/home/danielt/local/mdr/fsh-generated/resources/StructureDefinition-nzeps-force-notification"/></extension><issue><extension url="http://hl7.org/fhir/StructureDefinition/operationoutcome-issue-source"><valueCode value="Publisher"/></extension><severity value="warning"/><code value="business-rule"/><details><text value="The Implementation Guide contains no examples for this extension"/></details><expression value="StructureDefinition.where(url = 'http://hl7.org.nz/fhir/ig/mdr/StructureDefinition/nzeps-force-notification')"/></issue></OperationOutcome></resource></entry><entry><resource><OperationOutcome><extension url="http://hl7.org/fhir/StructureDefinition/operationoutcome-file"><valueString value="/home/danielt/local/mdr/fsh-generated/resources/StructureDefinition-nzeps-funding-category"/></extension><issue><extension url="http://hl7.org/fhir/StructureDefinition/operationoutcome-issue-source"><valueCode value="Publisher"/></extension><severity value="warning"/><code value="business-rule"/><details><text value="The Implementation Guide contains no examples for this extension"/></details><expression value="StructureDefinition.where(url = 'http://hl7.org.nz/fhir/ig/mdr/StructureDefinition/nzeps-funding-category')"/></issue></OperationOutcome></resource></entry><entry><resource><OperationOutcome><extension url="http://hl7.org/fhir/StructureDefinition/operationoutcome-file"><valueString value="/home/danielt/local/mdr/fsh-generated/resources/StructureDefinition-nzeps-instructions-modified"/></extension><issue><extension url="http://hl7.org/fhir/StructureDefinition/operationoutcome-issue-source"><valueCode value="Publisher"/></extension><severity value="warning"/><code value="business-rule"/><details><text value="The Implementation Guide contains no examples for this extension"/></details><expression value="StructureDefinition.where(url = 'http://hl7.org.nz/fhir/ig/mdr/StructureDefinition/nzeps-instructions-modified')"/></issue></OperationOutcome></resource></entry><entry><resource><OperationOutcome><extension url="http://hl7.org/fhir/StructureDefinition/operationoutcome-file"><valueString value="/home/danielt/local/mdr/fsh-generated/resources/StructureDefinition-nzeps-long-term-medication"/></extension><issue><extension url="http://hl7.org/fhir/StructureDefinition/operationoutcome-issue-source"><valueCode value="Publisher"/></extension><severity value="warning"/><code value="business-rule"/><details><text value="The Implementation Guide contains no examples for this extension"/></details><expression value="StructureDefinition.where(url = 'http://hl7.org.nz/fhir/ig/mdr/StructureDefinition/nzeps-long-term-medication')"/></issue></OperationOutcome></resource></entry><entry><resource><OperationOutcome><extension url="http://hl7.org/fhir/StructureDefinition/operationoutcome-file"><valueString value="/home/danielt/local/mdr/fsh-generated/resources/StructureDefinition-nzeps-medication-action"/></extension><issue><extension url="http://hl7.org/fhir/StructureDefinition/operationoutcome-issue-source"><valueCode value="InstanceValidator"/></extension><severity value="warning"/><code value="business-rule"/><details><text value="The valueSet reference http://hl7.org.nz/fhir/ValueSet/nzeps-medication-action on element Extension.value[x] could not be resolved"/></details><expression value="StructureDefinition/nzeps-medication-action: StructureDefinition.differential.element[3].binding"/></issue><issue><extension url="http://hl7.org/fhir/StructureDefinition/operationoutcome-issue-source"><valueCode value="InstanceValidator"/></extension><severity value="warning"/><code value="business-rule"/><details><text value="The valueSet reference http://hl7.org.nz/fhir/ValueSet/nzeps-medication-action on element Extension.value[x] could not be resolved"/></details><expression value="StructureDefinition/nzeps-medication-action: StructureDefinition.snapshot.element[4].binding"/></issue><issue><extension url="http://hl7.org/fhir/StructureDefinition/operationoutcome-issue-source"><valueCode value="Publisher"/></extension><severity value="warning"/><code value="business-rule"/><details><text value="The Implementation Guide contains no examples for this extension"/></details><expression value="StructureDefinition.where(url = 'http://hl7.org.nz/fhir/ig/mdr/StructureDefinition/nzeps-medication-action')"/></issue></OperationOutcome></resource></entry><entry><resource><OperationOutcome><extension url="http://hl7.org/fhir/StructureDefinition/operationoutcome-file"><valueString value="/home/danielt/local/mdr/fsh-generated/resources/StructureDefinition-nzeps-medication-claimable"/></extension><issue><extension url="http://hl7.org/fhir/StructureDefinition/operationoutcome-issue-source"><valueCode value="Publisher"/></extension><severity value="warning"/><code value="business-rule"/><details><text value="The Implementation Guide contains no examples for this extension"/></details><expression value="StructureDefinition.where(url = 'http://hl7.org.nz/fhir/ig/mdr/StructureDefinition/nzeps-medication-claimable')"/></issue></OperationOutcome></resource></entry><entry><resource><OperationOutcome><extension url="http://hl7.org/fhir/StructureDefinition/operationoutcome-file"><valueString value="/home/danielt/local/mdr/fsh-generated/resources/StructureDefinition-nzeps-medication-copayment-paid"/></extension><issue><extension url="http://hl7.org/fhir/StructureDefinition/operationoutcome-issue-source"><valueCode value="Publisher"/></extension><severity value="warning"/><code value="business-rule"/><details><text value="The Implementation Guide contains no examples for this extension"/></details><expression value="StructureDefinition.where(url = 'http://hl7.org.nz/fhir/ig/mdr/StructureDefinition/nzeps-medication-copayment-paid')"/></issue></OperationOutcome></resource></entry><entry><resource><OperationOutcome><extension url="http://hl7.org/fhir/StructureDefinition/operationoutcome-file"><valueString value="/home/danielt/local/mdr/fsh-generated/resources/StructureDefinition-nzeps-medication-modified"/></extension><issue><extension url="http://hl7.org/fhir/StructureDefinition/operationoutcome-issue-source"><valueCode value="Publisher"/></extension><severity value="warning"/><code value="business-rule"/><details><text value="The Implementation Guide contains no examples for this extension"/></details><expression value="StructureDefinition.where(url = 'http://hl7.org.nz/fhir/ig/mdr/StructureDefinition/nzeps-medication-modified')"/></issue></OperationOutcome></resource></entry><entry><resource><OperationOutcome><extension url="http://hl7.org/fhir/StructureDefinition/operationoutcome-file"><valueString value="/home/danielt/local/mdr/fsh-generated/resources/StructureDefinition-nzeps-notify"/></extension><issue><extension url="http://hl7.org/fhir/StructureDefinition/operationoutcome-issue-source"><valueCode value="Publisher"/></extension><severity value="warning"/><code value="business-rule"/><details><text value="The Implementation Guide contains no examples for this extension"/></details><expression value="StructureDefinition.where(url = 'http://hl7.org.nz/fhir/ig/mdr/StructureDefinition/nzeps-notify')"/></issue></OperationOutcome></resource></entry><entry><resource><OperationOutcome><extension url="http://hl7.org/fhir/StructureDefinition/operationoutcome-file"><valueString value="/home/danielt/local/mdr/fsh-generated/resources/StructureDefinition-nzeps-pharmacy-approval-original"/></extension><issue><extension url="http://hl7.org/fhir/StructureDefinition/operationoutcome-issue-source"><valueCode value="Publisher"/></extension><severity value="warning"/><code value="business-rule"/><details><text value="The Implementation Guide contains no examples for this extension"/></details><expression value="StructureDefinition.where(url = 'http://hl7.org.nz/fhir/ig/mdr/StructureDefinition/nzeps-pharmacy-approval-original')"/></issue></OperationOutcome></resource></entry><entry><resource><OperationOutcome><extension url="http://hl7.org/fhir/StructureDefinition/operationoutcome-file"><valueString value="/home/danielt/local/mdr/fsh-generated/resources/StructureDefinition-nzeps-private-item"/></extension><issue><extension url="http://hl7.org/fhir/StructureDefinition/operationoutcome-issue-source"><valueCode value="Publisher"/></extension><severity value="warning"/><code value="business-rule"/><details><text value="The Implementation Guide contains no examples for this extension"/></details><expression value="StructureDefinition.where(url = 'http://hl7.org.nz/fhir/ig/mdr/StructureDefinition/nzeps-private-item')"/></issue></OperationOutcome></resource></entry><entry><resource><OperationOutcome><extension url="http://hl7.org/fhir/StructureDefinition/operationoutcome-file"><valueString value="/home/danielt/local/mdr/fsh-generated/resources/StructureDefinition-nzeps-scriptno-local"/></extension><issue><extension url="http://hl7.org/fhir/StructureDefinition/operationoutcome-issue-source"><valueCode value="Publisher"/></extension><severity value="warning"/><code value="business-rule"/><details><text value="The Implementation Guide contains no examples for this extension"/></details><expression value="StructureDefinition.where(url = 'http://hl7.org.nz/fhir/ig/mdr/StructureDefinition/nzeps-scriptno-local')"/></issue></OperationOutcome></resource></entry><entry><resource><OperationOutcome><extension url="http://hl7.org/fhir/StructureDefinition/operationoutcome-file"><valueString value="/home/danielt/local/mdr/fsh-generated/resources/StructureDefinition-nzeps-status-type"/></extension><issue><extension url="http://hl7.org/fhir/StructureDefinition/operationoutcome-issue-source"><valueCode value="InstanceValidator"/></extension><severity value="warning"/><code value="business-rule"/><details><text value="The valueSet reference http://hl7.org.nz/fhir/ValueSet/nzeps-status-type on element Extension.value[x] could not be resolved"/></details><expression value="StructureDefinition/nzeps-status-type: StructureDefinition.differential.element[3].binding"/></issue><issue><extension url="http://hl7.org/fhir/StructureDefinition/operationoutcome-issue-source"><valueCode value="InstanceValidator"/></extension><severity value="warning"/><code value="business-rule"/><details><text value="The valueSet reference http://hl7.org.nz/fhir/ValueSet/nzeps-status-type on element Extension.value[x] could not be resolved"/></details><expression value="StructureDefinition/nzeps-status-type: StructureDefinition.snapshot.element[4].binding"/></issue><issue><extension url="http://hl7.org/fhir/StructureDefinition/operationoutcome-issue-source"><valueCode value="Publisher"/></extension><severity value="warning"/><code value="business-rule"/><details><text value="The Implementation Guide contains no examples for this extension"/></details><expression value="StructureDefinition.where(url = 'http://hl7.org.nz/fhir/ig/mdr/StructureDefinition/nzeps-status-type')"/></issue></OperationOutcome></resource></entry><entry><resource><OperationOutcome><extension url="http://hl7.org/fhir/StructureDefinition/operationoutcome-file"><valueString value="/home/danielt/local/mdr/fsh-generated/resources/StructureDefinition-nzeps-supply-period-reason"/></extension><issue><extension url="http://hl7.org/fhir/StructureDefinition/operationoutcome-issue-source"><valueCode value="Publisher"/></extension><severity value="warning"/><code value="business-rule"/><details><text value="The Implementation Guide contains no examples for this extension"/></details><expression value="StructureDefinition.where(url = 'http://hl7.org.nz/fhir/ig/mdr/StructureDefinition/nzeps-supply-period-reason')"/></issue></OperationOutcome></resource></entry><entry><resource><OperationOutcome><extension url="http://hl7.org/fhir/StructureDefinition/operationoutcome-file"><valueString value="/home/danielt/local/mdr/fsh-generated/resources/StructureDefinition-nzeps-trial-period-reason"/></extension><issue><extension url="http://hl7.org/fhir/StructureDefinition/operationoutcome-issue-source"><valueCode value="InstanceValidator"/></extension><extension url="http://hl7.org/fhir/StructureDefinition/operationoutcome-message-id"><valueCode value="Rule sdf-0: 'Name should be usable as an identifier for the module by machine processing applications such as code generation' Failed"/></extension><severity value="warning"/><code value="invariant"/><details><text value="Rule sdf-0: 'Name should be usable as an identifier for the module by machine processing applications such as code generation' Failed"/></details><expression value="StructureDefinition/nzeps-trial-period-reason: StructureDefinition"/></issue><issue><extension url="http://hl7.org/fhir/StructureDefinition/operationoutcome-issue-source"><valueCode value="Publisher"/></extension><severity value="warning"/><code value="business-rule"/><details><text value="The Implementation Guide contains no examples for this extension"/></details><expression value="StructureDefinition.where(url = 'http://hl7.org.nz/fhir/ig/mdr/StructureDefinition/nzeps-trial-period-reason')"/></issue></OperationOutcome></resource></entry><entry><resource><OperationOutcome><extension url="http://hl7.org/fhir/StructureDefinition/operationoutcome-file"><valueString value="/home/danielt/local/mdr/fsh-generated/resources/StructureDefinition-nzeps-unsigned-rejection-reason"/></extension><issue><extension url="http://hl7.org/fhir/StructureDefinition/operationoutcome-issue-source"><valueCode value="Publisher"/></extension><severity value="warning"/><code value="business-rule"/><details><text value="The Implementation Guide contains no examples for this extension"/></details><expression value="StructureDefinition.where(url = 'http://hl7.org.nz/fhir/ig/mdr/StructureDefinition/nzeps-unsigned-rejection-reason')"/></issue></OperationOutcome></resource></entry><entry><resource><OperationOutcome><extension url="http://hl7.org/fhir/StructureDefinition/operationoutcome-file"><valueString value="/home/danielt/local/mdr/fsh-generated/resources/StructureDefinition-nzeps-unusual-dose-quantity"/></extension><issue><extension url="http://hl7.org/fhir/StructureDefinition/operationoutcome-issue-source"><valueCode value="Publisher"/></extension><severity value="warning"/><code value="business-rule"/><details><text value="The Implementation Guide contains no examples for this extension"/></details><expression value="StructureDefinition.where(url = 'http://hl7.org.nz/fhir/ig/mdr/StructureDefinition/nzeps-unusual-dose-quantity')"/></issue></OperationOutcome></resource></entry><entry><resource><OperationOutcome><extension url="http://hl7.org/fhir/StructureDefinition/operationoutcome-file"><valueString value="/home/danielt/local/mdr/fsh-generated/resources/StructureDefinition-nzeps-use-generic-name"/></extension><issue><extension url="http://hl7.org/fhir/StructureDefinition/operationoutcome-issue-source"><valueCode value="Publisher"/></extension><severity value="warning"/><code value="business-rule"/><details><text value="The Implementation Guide contains no examples for this extension"/></details><expression value="StructureDefinition.where(url = 'http://hl7.org.nz/fhir/ig/mdr/StructureDefinition/nzeps-use-generic-name')"/></issue></OperationOutcome></resource></entry></Bundle>