<?xml version="1.0" encoding="UTF-8"?>

<Bundle xmlns="http://hl7.org/fhir">
  <id value="0c463c87-f6b1-4909-a7e9-df126054cffc"/>
  <meta>
    <lastUpdated value="2023-06-20T02:19:42.5634672+00:00"/>
  </meta>
  <type value="searchset"/>
  <link>
    <relation value="next"/>
    <url value="https://preprod-apibroker.whanautahi.com/mdr/fhir/MedicationRequest?patient=ZZZ0008&amp;_revinclude=MedicationDispense%3Aprescription&amp;_revinclude=Observation%3Abased-on&amp;ct=NJTbUiM3EIbfxVx6U8vBEOKqvfhaIw2yMKAxMzBO5YKAaQ8nIXbZ8bLZvFgu8kh5hdRQtX3VVVKp%2F1Prv3%2F%2B%2Fbr71%2B%2FfR1%2FS%2FeppNB2NK19M%2F16fPnTMvvyyXDXVCT%2Fr06et6ny6s3VemenO9pZfNNPdLW9Ppwf7%2Bwe%2FbkXjpodb7sxMUYuFV1y53bS2UznguOVNJcLaW%2BJyVsJa2cVGKIsOPPdaLHibmI1EWp%2BsVFrc6rUt5siBFt18kbjVeAQab%2FR8gU1IT4GPqLenHLWsQfrLVpzOS7KXDVGUyenT%2BrrjZsJaRHmaXFstF3A%2FYX95U%2BpixZ7nTDeWniXKK8ZzqeIh6j1i4BqK4yAptjP8IxdpHdQ%2B%2BvOE6RGllyv1mXYilTqLDnyqMd1kwCjKJvExtdIz5z7eIHf%2BJmLRMBZ8sSEhd5O5rXFi%2BmhqFSX29AoPa0s5vDOb1QssCaM2a2i4yPocEy00QO1qdyLzzPHKRBWaaLG9SeYBJ5Fb5ZigJufOQ3FSc5nAxSZ7wGRyl6jlImUNKetsrBwhkW7whiiGsnvMOS0IJqNmrOzRxFJRsOa5Di4%2BB0rMQ%2F2emQQpIBVeouuhlio624ivy6p21NhhcAo4IzPE1cvKEqmZXfD6rhvhzwlFH5IBMkUQr0ZbPFZheyfKdS9JHqIEZ1eDj1ybBzobMOvXge9Je%2FJMN%2FhafVRK3DDRQLKCXHlyaAMymCuNu8pKyNkkCU20d2BSVmmYj5FDM5ySw4BXGtcOOkYpfe6AAPYbg1oRd6m0HORM6PLPql3TSORb0ZrOYF50YUvC7OuA6bcIWbPWXLxft2rImvDRZF7G2Ch1c%2Fm%2BKxo6P%2Fjc4Oyg9O762Iqj6FSPgDcpKsXcRa6Wkw2IPfN2Q9WznsSKJjJO1vRGMUqnqzlDoxbufHhdT%2FJs5s17TowOpD6XFOMh%2BwEOLS7s4YlGpXl8Gse56oCF0YfRy9WTrkbT76PHbvhGRh9Gj1eb0XTk3OjHjz%2F%2BBwAA%2F%2F8%3D"/>
  </link>
  <link>
    <relation value="self"/>
    <url value="https://preprod-apibroker.whanautahi.com/mdr/fhir/MedicationRequest?patient=ZZZ0008&amp;_revinclude=MedicationDispense%3Aprescription&amp;_revinclude=Observation%3Abased-on"/>
  </link>
  <entry>
    <fullUrl value="https://preprod-apibroker.whanautahi.com/mdr/fhir/MedicationRequest/1TNQ015Y6K2HN1P8R1-1"/>
    <resource>
      <MedicationRequest>
        <id value="1TNQ015Y6K2HN1P8R1-1"/>
        <meta>
          <versionId value="1"/>
          <lastUpdated value="2021-10-20T03:34:13.033+00:00"/>
          <source value="c17a4b59-cebd-4aa8-a740-17155d882127"/>
          <security>
            <system value="http://terminology.hl7.org/CodeSystem/v3-Confidentiality"/>
            <code value="U"/>
            <display value="unrestricted"/>
          </security>
        </meta>
        <text>
          <status value="extensions"/><div xmlns="http://www.w3.org/1999/xhtml"><p><b>Generated Narrative: MedicationRequest</b><a name="1TNQ015Y6K2HN1P8R1-1"> </a></p><div style="display: inline-block; background-color: #d9e0e7; padding: 6px; margin: 4px; border: 1px solid #8da1b4; border-radius: 5px; line-height: 60%"><p style="margin-bottom: 0px">Resource MedicationRequest &quot;1TNQ015Y6K2HN1P8R1-1&quot; Version &quot;1&quot; Updated &quot;2021-10-20 03:34:13+0000&quot; </p><p style="margin-bottom: 0px">Information Source: c17a4b59-cebd-4aa8-a740-17155d882127!</p><p style="margin-bottom: 0px">Security Labels: <span title="{http://terminology.hl7.org/CodeSystem/v3-Confidentiality http://terminology.hl7.org/CodeSystem/v3-Confidentiality}">http://terminology.hl7.org/CodeSystem/v3-Confidentiality</span></p></div><p><b>NZePS Status Type</b>: Valid</p><p><b>NZePS Medication Action Type</b>: None</p><p><b>NZePS Patient Instructions Modification Indicator</b>: false</p><p><b>NZePS Long Term Medication Indicator</b>: false</p><p><b>NZePS Patient Medication Modification Indicator</b>: false</p><p><b>NZePS Unusual Dose Quantity Indicator</b>: false</p><p><b>NZePS Funding Category</b>: A4</p><p><b>NZePS Medication Claimable Indicator</b>: false</p><p><b>NZePS Private Item Indicator</b>: false</p><p><b>NZePS Force Notification Indicator</b>: false</p><p><b>NZePS Active Notification Indicator</b>: false</p><p><b>identifier</b>: <a href="NamingSystem-nzeps-scid-item-id.html" title="New Zealand ePrescription Service Script Identifier (SCID) and Item (Line) Number.">nzeps-scid-item-id</a>/1TNQ015Y6K2HN1P8R1-1</p><p><b>status</b>: completed</p><p><b>intent</b>: order</p><p><b>medication</b>: Ganciclovir 0.15% Tube Eye gel <span style="background: LightGoldenRodYellow; margin: 4px; border: 1px solid khaki"> (nzmt.org.nz#40968451000116109)</span></p><p><b>subject</b>: <a href="https://simplifier.net/resolve?scope=fhir.org.nz.ig.base@2.0.0&amp;canonical=http://fhir.org.nz/ig/base/Patient/ZZZ0008">Patient/ZZZ0008: Mr Test Patient | Male | 2001-01-01</a></p><p><b>supportingInformation</b>: <a href="https://simplifier.net/resolve?scope=fhir.org.nz.ig.base@2.0.0&amp;canonical=http://fhir.org.nz/ig/base/Location/4df12de7-1c11-4830-ab18-7d86fb25ae8c">Location/4df12de7-1c11-4830-ab18-7d86fb25ae8c: Morrow Medical Centre</a></p><p><b>authoredOn</b>: 2021-10-19 15:21:07+0000</p><p><b>requester</b>: <a href="https://simplifier.net/resolve?scope=fhir.org.nz.ig.base@2.0.0&amp;canonical=http://fhir.org.nz/ig/base/Practitioner/63576">Practitioner/63576: Dr Sander Abel | Doctor | 63576</a></p><p><b>recorder</b>: <a href="https://simplifier.net/resolve?scope=fhir.org.nz.ig.base@2.0.0&amp;canonical=http://fhir.org.nz/ig/base/Practitioner/81dde516-4797-442f-865b-fda55643d90e">Practitioner/81dde516-4797-442f-865b-fda55643d90e: Rudy Blair</a></p><blockquote><p><b>dosageInstruction</b></p><p><b>sequence</b>: 1</p><p><b>route</b>: null <span style="background: LightGoldenRodYellow; margin: 4px; border: 1px solid khaki"> (<a href="http://terminology.hl7.org/4.0.0/CodeSystem-v3-RouteOfAdministration.html">RouteOfAdministration</a>)</span></p><blockquote><p><b>doseAndRate</b></p></blockquote></blockquote><h3>DispenseRequests</h3><table class="grid"><tr><td style="display: none">-</td><td><b>NumberOfRepeatsAllowed</b></td><td><b>Quantity</b></td></tr><tr><td style="display: none">*</td><td>0</td><td>1 g</td></tr></table><h3>Substitutions</h3><table class="grid"><tr><td style="display: none">-</td><td><b>Allowed[x]</b></td></tr><tr><td style="display: none">*</td><td>true</td></tr></table></div>
        </text>
        <extension url="http://hl7.org.nz/fhir/StructureDefinition/nzeps-status-type">
          <valueCode value="Valid"/>
        </extension>
        <extension url="http://hl7.org.nz/fhir/StructureDefinition/nzeps-medication-action">
          <valueCode value="None"/>
        </extension>
        <extension url="http://hl7.org.nz/fhir/StructureDefinition/nzeps-instructions-modified">
          <valueBoolean value="false"/>
        </extension>
        <extension url="http://hl7.org.nz/fhir/StructureDefinition/nzeps-long-term-medication">
          <valueBoolean value="false"/>
        </extension>
        <extension url="http://hl7.org.nz/fhir/StructureDefinition/nzeps-medication-modified">
          <valueBoolean value="false"/>
        </extension>
        <extension url="http://hl7.org.nz/fhir/StructureDefinition/nzeps-unusual-dose-quantity">
          <valueBoolean value="false"/>
        </extension>
        <extension url="http://hl7.org.nz/fhir/StructureDefinition/nzeps-funding-category">
          <valueString value="A4"/>
        </extension>
        <extension url="http://hl7.org.nz/fhir/StructureDefinition/nzeps-medication-claimable">
          <valueBoolean value="false"/>
        </extension>
        <extension url="http://hl7.org.nz/fhir/StructureDefinition/nzeps-private-item">
          <valueBoolean value="false"/>
        </extension>
        <extension url="http://hl7.org.nz/fhir/StructureDefinition/nzeps-force-notification">
          <valueBoolean value="false"/>
        </extension>
        <extension url="http://hl7.org.nz/fhir/StructureDefinition/nzeps-notify">
          <valueBoolean value="false"/>
        </extension>
        <identifier>
          <system value="https://standards.digital.health.nz/ns/nzeps-scid-item-id"/>
          <value value="1TNQ015Y6K2HN1P8R1-1"/>
        </identifier>
        <status value="completed"/>
        <intent value="order"/>
        <medicationCodeableConcept>
          <coding>
            <system value="http://nzmt.org.nz"/>
            <code value="40968451000116109"/>
            <display value="Ganciclovir 0.15% Tube Eye gel"/>
          </coding>
        </medicationCodeableConcept>
        <subject>
          <reference value="Patient/ZZZ0008"/>
          <type value="Patient"/>
          <identifier>
            <system value="https://standards.digital.health.nz/ns/nhi-id"/>
            <value value="ZZZ0008"/>
          </identifier>
          <display value="Mr Test Patient | Male | 2001-01-01"/>
        </subject>
        <supportingInformation>
          <reference value="Location/4df12de7-1c11-4830-ab18-7d86fb25ae8c"/>
          <type value="Location"/>
          <display value="Morrow Medical Centre"/>
        </supportingInformation>
        <authoredOn value="2021-10-19T15:21:07+00:00"/>
        <requester>
          <reference value="Practitioner/63576"/>
          <type value="Practitioner"/>
          <identifier>
            <system value="https://standards.digital.health.nz/ns/hpi-person-id"/>
            <value value="63576"/>
          </identifier>
          <display value="Dr Sander Abel | Doctor | 63576"/>
        </requester>
        <recorder>
          <reference value="Practitioner/81dde516-4797-442f-865b-fda55643d90e"/>
          <type value="Practitioner"/>
          <display value="Rudy Blair"/>
        </recorder>
        <dosageInstruction>
          <sequence value="1"/>
          <route>
            <coding>
              <system value="http://terminology.hl7.org/CodeSystem/v3-RouteOfAdministration"/>
            </coding>
          </route>
          <doseAndRate>
            <type>
              <coding>
                <system value="http://terminology.hl7.org/CodeSystem/dose-rate-type"/>
                <code value="ordered"/>
                <display value="Ordered"/>
              </coding>
            </type>
          </doseAndRate>
        </dosageInstruction>
        <dispenseRequest>
          <numberOfRepeatsAllowed value="0"/>
          <quantity>
            <value value="1"/>
            <unit value="g"/>
          </quantity>
        </dispenseRequest>
        <substitution>
          <allowedBoolean value="true"/>
        </substitution>
      </MedicationRequest>
    </resource>
    <search>
      <mode value="match"/>
    </search>
  </entry>
  <entry>
    <fullUrl value="https://preprod-apibroker.whanautahi.com/mdr/fhir/MedicationRequest/1TNQ01D8PJH7DFWFY6-1"/>
    <resource>
      <MedicationRequest>
        <id value="1TNQ01D8PJH7DFWFY6-1"/>
        <meta>
          <versionId value="1"/>
          <lastUpdated value="2021-10-20T04:27:04.006+00:00"/>
          <source value="d39689dc-54a5-4426-90ad-c9825a7a436e"/>
          <security>
            <system value="http://terminology.hl7.org/CodeSystem/v3-Confidentiality"/>
            <code value="U"/>
            <display value="unrestricted"/>
          </security>
        </meta>
        <text>
          <status value="extensions"/><div xmlns="http://www.w3.org/1999/xhtml"><p><b>Generated Narrative: MedicationRequest</b><a name="1TNQ01D8PJH7DFWFY6-1"> </a></p><div style="display: inline-block; background-color: #d9e0e7; padding: 6px; margin: 4px; border: 1px solid #8da1b4; border-radius: 5px; line-height: 60%"><p style="margin-bottom: 0px">Resource MedicationRequest &quot;1TNQ01D8PJH7DFWFY6-1&quot; Version &quot;1&quot; Updated &quot;2021-10-20 04:27:04+0000&quot; </p><p style="margin-bottom: 0px">Information Source: d39689dc-54a5-4426-90ad-c9825a7a436e!</p><p style="margin-bottom: 0px">Security Labels: <span title="{http://terminology.hl7.org/CodeSystem/v3-Confidentiality http://terminology.hl7.org/CodeSystem/v3-Confidentiality}">http://terminology.hl7.org/CodeSystem/v3-Confidentiality</span></p></div><p><b>NZePS Status Type</b>: Valid</p><p><b>NZePS Medication Action Type</b>: None</p><p><b>NZePS Patient Instructions Modification Indicator</b>: false</p><p><b>NZePS Long Term Medication Indicator</b>: false</p><p><b>NZePS Patient Medication Modification Indicator</b>: false</p><p><b>NZePS Unusual Dose Quantity Indicator</b>: false</p><p><b>NZePS Funding Category</b>: A4</p><p><b>NZePS Medication Claimable Indicator</b>: false</p><p><b>NZePS Private Item Indicator</b>: false</p><p><b>NZePS Force Notification Indicator</b>: false</p><p><b>NZePS Active Notification Indicator</b>: false</p><p><b>identifier</b>: <a href="NamingSystem-nzeps-scid-item-id.html" title="New Zealand ePrescription Service Script Identifier (SCID) and Item (Line) Number.">nzeps-scid-item-id</a>/1TNQ01D8PJH7DFWFY6-1</p><p><b>status</b>: completed</p><p><b>intent</b>: order</p><p><b>medication</b>: Naproxen 750mg SR Tablets <span style="background: LightGoldenRodYellow; margin: 4px; border: 1px solid khaki"> (nzmt.org.nz#10454391000116109)</span></p><p><b>subject</b>: <a href="https://simplifier.net/resolve?scope=fhir.org.nz.ig.base@2.0.0&amp;canonical=http://fhir.org.nz/ig/base/Patient/ZZZ0008">Patient/ZZZ0008: Mr Test Patient | Male | 2001-01-01</a></p><p><b>supportingInformation</b>: <a href="https://simplifier.net/resolve?scope=fhir.org.nz.ig.base@2.0.0&amp;canonical=http://fhir.org.nz/ig/base/Location/9ac0e887-f201-4b46-9caf-d549820523e0">Location/9ac0e887-f201-4b46-9caf-d549820523e0: Morvern Medical Centre</a></p><p><b>authoredOn</b>: 2021-10-18 23:06:05+0000</p><p><b>requester</b>: <a href="https://simplifier.net/resolve?scope=fhir.org.nz.ig.base@2.0.0&amp;canonical=http://fhir.org.nz/ig/base/Practitioner/52049">Practitioner/52049: Dr Marrisa Abdullah | Doctor | 52049</a></p><p><b>recorder</b>: <a href="https://simplifier.net/resolve?scope=fhir.org.nz.ig.base@2.0.0&amp;canonical=http://fhir.org.nz/ig/base/Practitioner/73aa8fbf-7c48-4634-a47f-fe29a40c657c">Practitioner/73aa8fbf-7c48-4634-a47f-fe29a40c657c: Rudy Blair</a></p><blockquote><p><b>dosageInstruction</b></p><p><b>sequence</b>: 1</p><p><b>patientInstruction</b>: Test long directions to see how much space they take up in the bottom row of the history grid when selecting an item.</p><p><b>route</b>: null <span style="background: LightGoldenRodYellow; margin: 4px; border: 1px solid khaki"> (<a href="http://terminology.hl7.org/4.0.0/CodeSystem-v3-RouteOfAdministration.html">RouteOfAdministration</a>)</span></p><blockquote><p><b>doseAndRate</b></p></blockquote></blockquote><h3>DispenseRequests</h3><table class="grid"><tr><td style="display: none">-</td><td><b>NumberOfRepeatsAllowed</b></td><td><b>Quantity</b></td></tr><tr><td style="display: none">*</td><td>0</td><td>14 Tablets</td></tr></table><h3>Substitutions</h3><table class="grid"><tr><td style="display: none">-</td><td><b>Allowed[x]</b></td></tr><tr><td style="display: none">*</td><td>false</td></tr></table></div>
        </text>
        <extension url="http://hl7.org.nz/fhir/StructureDefinition/nzeps-status-type">
          <valueCode value="Valid"/>
        </extension>
        <extension url="http://hl7.org.nz/fhir/StructureDefinition/nzeps-medication-action">
          <valueCode value="None"/>
        </extension>
        <extension url="http://hl7.org.nz/fhir/StructureDefinition/nzeps-instructions-modified">
          <valueBoolean value="false"/>
        </extension>
        <extension url="http://hl7.org.nz/fhir/StructureDefinition/nzeps-long-term-medication">
          <valueBoolean value="false"/>
        </extension>
        <extension url="http://hl7.org.nz/fhir/StructureDefinition/nzeps-medication-modified">
          <valueBoolean value="false"/>
        </extension>
        <extension url="http://hl7.org.nz/fhir/StructureDefinition/nzeps-unusual-dose-quantity">
          <valueBoolean value="false"/>
        </extension>
        <extension url="http://hl7.org.nz/fhir/StructureDefinition/nzeps-funding-category">
          <valueString value="A4"/>
        </extension>
        <extension url="http://hl7.org.nz/fhir/StructureDefinition/nzeps-medication-claimable">
          <valueBoolean value="false"/>
        </extension>
        <extension url="http://hl7.org.nz/fhir/StructureDefinition/nzeps-private-item">
          <valueBoolean value="false"/>
        </extension>
        <extension url="http://hl7.org.nz/fhir/StructureDefinition/nzeps-force-notification">
          <valueBoolean value="false"/>
        </extension>
        <extension url="http://hl7.org.nz/fhir/StructureDefinition/nzeps-notify">
          <valueBoolean value="false"/>
        </extension>
        <identifier>
          <system value="https://standards.digital.health.nz/ns/nzeps-scid-item-id"/>
          <value value="1TNQ01D8PJH7DFWFY6-1"/>
        </identifier>
        <status value="completed"/>
        <intent value="order"/>
        <medicationCodeableConcept>
          <coding>
            <system value="http://nzmt.org.nz"/>
            <code value="10454391000116109"/>
            <display value="Naproxen 750mg SR Tablets"/>
          </coding>
        </medicationCodeableConcept>
        <subject>
          <reference value="Patient/ZZZ0008"/>
          <type value="Patient"/>
          <identifier>
            <system value="https://standards.digital.health.nz/ns/nhi-id"/>
            <value value="ZZZ0008"/>
          </identifier>
          <display value="Mr Test Patient | Male | 2001-01-01"/>
        </subject>
        <supportingInformation>
          <reference value="Location/9ac0e887-f201-4b46-9caf-d549820523e0"/>
          <type value="Location"/>
          <display value="Morvern Medical Centre"/>
        </supportingInformation>
        <authoredOn value="2021-10-18T23:06:05+00:00"/>
        <requester>
          <reference value="Practitioner/52049"/>
          <type value="Practitioner"/>
          <identifier>
            <system value="https://standards.digital.health.nz/ns/hpi-person-id"/>
            <value value="52049"/>
          </identifier>
          <display value="Dr Marrisa Abdullah | Doctor | 52049"/>
        </requester>
        <recorder>
          <reference value="Practitioner/73aa8fbf-7c48-4634-a47f-fe29a40c657c"/>
          <type value="Practitioner"/>
          <display value="Rudy Blair"/>
        </recorder>
        <dosageInstruction>
          <sequence value="1"/>
          <patientInstruction value="Test long directions to see how much space they take up in the bottom row of the history grid when selecting an item."/>
          <route>
            <coding>
              <system value="http://terminology.hl7.org/CodeSystem/v3-RouteOfAdministration"/>
            </coding>
          </route>
          <doseAndRate>
            <type>
              <coding>
                <system value="http://terminology.hl7.org/CodeSystem/dose-rate-type"/>
                <code value="ordered"/>
                <display value="Ordered"/>
              </coding>
            </type>
          </doseAndRate>
        </dosageInstruction>
        <dispenseRequest>
          <numberOfRepeatsAllowed value="0"/>
          <quantity>
            <value value="14"/>
            <unit value="Tablets"/>
          </quantity>
        </dispenseRequest>
        <substitution>
          <allowedBoolean value="false"/>
        </substitution>
      </MedicationRequest>
    </resource>
    <search>
      <mode value="match"/>
    </search>
  </entry>
  <entry>
    <fullUrl value="https://preprod-apibroker.whanautahi.com/mdr/fhir/MedicationRequest/1TNQ011BF14FQH6B51-1"/>
    <resource>
      <MedicationRequest>
        <id value="1TNQ011BF14FQH6B51-1"/>
        <meta>
          <versionId value="1"/>
          <lastUpdated value="2021-10-20T03:31:45.873+00:00"/>
          <source value="0fcdafce-cbec-4bf4-b44e-aaf63c203c0b"/>
          <security>
            <system value="http://terminology.hl7.org/CodeSystem/v3-Confidentiality"/>
            <code value="U"/>
            <display value="unrestricted"/>
          </security>
        </meta>
        <text>
          <status value="extensions"/><div xmlns="http://www.w3.org/1999/xhtml"><p><b>Generated Narrative: MedicationRequest</b><a name="1TNQ011BF14FQH6B51-1"> </a></p><div style="display: inline-block; background-color: #d9e0e7; padding: 6px; margin: 4px; border: 1px solid #8da1b4; border-radius: 5px; line-height: 60%"><p style="margin-bottom: 0px">Resource MedicationRequest &quot;1TNQ011BF14FQH6B51-1&quot; Version &quot;1&quot; Updated &quot;2021-10-20 03:31:45+0000&quot; </p><p style="margin-bottom: 0px">Information Source: 0fcdafce-cbec-4bf4-b44e-aaf63c203c0b!</p><p style="margin-bottom: 0px">Security Labels: <span title="{http://terminology.hl7.org/CodeSystem/v3-Confidentiality http://terminology.hl7.org/CodeSystem/v3-Confidentiality}">http://terminology.hl7.org/CodeSystem/v3-Confidentiality</span></p></div><p><b>NZePS Status Type</b>: Valid</p><p><b>NZePS Medication Action Type</b>: None</p><p><b>NZePS Patient Instructions Modification Indicator</b>: false</p><p><b>NZePS Long Term Medication Indicator</b>: false</p><p><b>NZePS Patient Medication Modification Indicator</b>: false</p><p><b>NZePS Unusual Dose Quantity Indicator</b>: false</p><p><b>NZePS Funding Category</b>: A4</p><p><b>NZePS Medication Claimable Indicator</b>: false</p><p><b>NZePS Private Item Indicator</b>: false</p><p><b>NZePS Force Notification Indicator</b>: false</p><p><b>NZePS Active Notification Indicator</b>: false</p><p><b>identifier</b>: <a href="NamingSystem-nzeps-scid-item-id.html" title="New Zealand ePrescription Service Script Identifier (SCID) and Item (Line) Number.">nzeps-scid-item-id</a>/1TNQ011BF14FQH6B51-1</p><p><b>status</b>: active</p><p><b>intent</b>: order</p><p><b>medication</b>: Naproxen 750mg SR Tablets <span style="background: LightGoldenRodYellow; margin: 4px; border: 1px solid khaki"> (nzmt.org.nz#10454391000116109)</span></p><p><b>subject</b>: <a href="https://simplifier.net/resolve?scope=fhir.org.nz.ig.base@2.0.0&amp;canonical=http://fhir.org.nz/ig/base/Patient/ZZZ0008">Patient/ZZZ0008: Mr Test Patient | Male | 2001-01-01</a></p><p><b>supportingInformation</b>: <a href="https://simplifier.net/resolve?scope=fhir.org.nz.ig.base@2.0.0&amp;canonical=http://fhir.org.nz/ig/base/Location/efdbbb7a-a13b-4056-878b-4096ad538689">Location/efdbbb7a-a13b-4056-878b-4096ad538689: Morvern Medical Centre</a></p><p><b>authoredOn</b>: 2021-10-18 22:40:48+0000</p><p><b>requester</b>: <a href="https://simplifier.net/resolve?scope=fhir.org.nz.ig.base@2.0.0&amp;canonical=http://fhir.org.nz/ig/base/Practitioner/52049">Practitioner/52049: Dr Marrisa Abdullah | Doctor | 52049</a></p><p><b>recorder</b>: <a href="https://simplifier.net/resolve?scope=fhir.org.nz.ig.base@2.0.0&amp;canonical=http://fhir.org.nz/ig/base/Practitioner/bc05ec82-2c8d-4a34-b0f6-97794502fd8f">Practitioner/bc05ec82-2c8d-4a34-b0f6-97794502fd8f: Rudy Blair</a></p><blockquote><p><b>dosageInstruction</b></p><p><b>sequence</b>: 1</p><p><b>patientInstruction</b>: Tablet ONE daily for leg pain when required</p><p><b>route</b>: null <span style="background: LightGoldenRodYellow; margin: 4px; border: 1px solid khaki"> (<a href="http://terminology.hl7.org/4.0.0/CodeSystem-v3-RouteOfAdministration.html">RouteOfAdministration</a>)</span></p><blockquote><p><b>doseAndRate</b></p></blockquote></blockquote><h3>DispenseRequests</h3><table class="grid"><tr><td style="display: none">-</td><td><b>NumberOfRepeatsAllowed</b></td><td><b>Quantity</b></td></tr><tr><td style="display: none">*</td><td>0</td><td>14 Tablets</td></tr></table><h3>Substitutions</h3><table class="grid"><tr><td style="display: none">-</td><td><b>Allowed[x]</b></td></tr><tr><td style="display: none">*</td><td>true</td></tr></table></div>
        </text>
        <extension url="http://hl7.org.nz/fhir/StructureDefinition/nzeps-status-type">
          <valueCode value="Valid"/>
        </extension>
        <extension url="http://hl7.org.nz/fhir/StructureDefinition/nzeps-medication-action">
          <valueCode value="None"/>
        </extension>
        <extension url="http://hl7.org.nz/fhir/StructureDefinition/nzeps-instructions-modified">
          <valueBoolean value="false"/>
        </extension>
        <extension url="http://hl7.org.nz/fhir/StructureDefinition/nzeps-long-term-medication">
          <valueBoolean value="false"/>
        </extension>
        <extension url="http://hl7.org.nz/fhir/StructureDefinition/nzeps-medication-modified">
          <valueBoolean value="false"/>
        </extension>
        <extension url="http://hl7.org.nz/fhir/StructureDefinition/nzeps-unusual-dose-quantity">
          <valueBoolean value="false"/>
        </extension>
        <extension url="http://hl7.org.nz/fhir/StructureDefinition/nzeps-funding-category">
          <valueString value="A4"/>
        </extension>
        <extension url="http://hl7.org.nz/fhir/StructureDefinition/nzeps-medication-claimable">
          <valueBoolean value="false"/>
        </extension>
        <extension url="http://hl7.org.nz/fhir/StructureDefinition/nzeps-private-item">
          <valueBoolean value="false"/>
        </extension>
        <extension url="http://hl7.org.nz/fhir/StructureDefinition/nzeps-force-notification">
          <valueBoolean value="false"/>
        </extension>
        <extension url="http://hl7.org.nz/fhir/StructureDefinition/nzeps-notify">
          <valueBoolean value="false"/>
        </extension>
        <identifier>
          <system value="https://standards.digital.health.nz/ns/nzeps-scid-item-id"/>
          <value value="1TNQ011BF14FQH6B51-1"/>
        </identifier>
        <status value="active"/>
        <intent value="order"/>
        <medicationCodeableConcept>
          <coding>
            <system value="http://nzmt.org.nz"/>
            <code value="10454391000116109"/>
            <display value="Naproxen 750mg SR Tablets"/>
          </coding>
        </medicationCodeableConcept>
        <subject>
          <reference value="Patient/ZZZ0008"/>
          <type value="Patient"/>
          <identifier>
            <system value="https://standards.digital.health.nz/ns/nhi-id"/>
            <value value="ZZZ0008"/>
          </identifier>
          <display value="Mr Test Patient | Male | 2001-01-01"/>
        </subject>
        <supportingInformation>
          <reference value="Location/efdbbb7a-a13b-4056-878b-4096ad538689"/>
          <type value="Location"/>
          <display value="Morvern Medical Centre"/>
        </supportingInformation>
        <authoredOn value="2021-10-18T22:40:48+00:00"/>
        <requester>
          <reference value="Practitioner/52049"/>
          <type value="Practitioner"/>
          <identifier>
            <system value="https://standards.digital.health.nz/ns/hpi-person-id"/>
            <value value="52049"/>
          </identifier>
          <display value="Dr Marrisa Abdullah | Doctor | 52049"/>
        </requester>
        <recorder>
          <reference value="Practitioner/bc05ec82-2c8d-4a34-b0f6-97794502fd8f"/>
          <type value="Practitioner"/>
          <display value="Rudy Blair"/>
        </recorder>
        <dosageInstruction>
          <sequence value="1"/>
          <patientInstruction value="Tablet ONE daily for leg pain when required"/>
          <route>
            <coding>
              <system value="http://terminology.hl7.org/CodeSystem/v3-RouteOfAdministration"/>
            </coding>
          </route>
          <doseAndRate>
            <type>
              <coding>
                <system value="http://terminology.hl7.org/CodeSystem/dose-rate-type"/>
                <code value="ordered"/>
                <display value="Ordered"/>
              </coding>
            </type>
          </doseAndRate>
        </dosageInstruction>
        <dispenseRequest>
          <numberOfRepeatsAllowed value="0"/>
          <quantity>
            <value value="14"/>
            <unit value="Tablets"/>
          </quantity>
        </dispenseRequest>
        <substitution>
          <allowedBoolean value="true"/>
        </substitution>
      </MedicationRequest>
    </resource>
    <search>
      <mode value="match"/>
    </search>
  </entry>
  <entry>
    <fullUrl value="https://preprod-apibroker.whanautahi.com/mdr/fhir/MedicationRequest/1TNQ014R97WQ1CDD79-1"/>
    <resource>
      <MedicationRequest>
        <id value="1TNQ014R97WQ1CDD79-1"/>
        <meta>
          <versionId value="1"/>
          <lastUpdated value="2021-10-20T03:26:17.42+00:00"/>
          <source value="65c76781-8b37-4fbf-a2ae-1c49f6b49b22"/>
          <security>
            <system value="http://terminology.hl7.org/CodeSystem/v3-Confidentiality"/>
            <code value="U"/>
            <display value="unrestricted"/>
          </security>
        </meta>
        <text>
          <status value="extensions"/><div xmlns="http://www.w3.org/1999/xhtml"><p><b>Generated Narrative: MedicationRequest</b><a name="1TNQ014R97WQ1CDD79-1"> </a></p><div style="display: inline-block; background-color: #d9e0e7; padding: 6px; margin: 4px; border: 1px solid #8da1b4; border-radius: 5px; line-height: 60%"><p style="margin-bottom: 0px">Resource MedicationRequest &quot;1TNQ014R97WQ1CDD79-1&quot; Version &quot;1&quot; Updated &quot;2021-10-20 03:26:17+0000&quot; </p><p style="margin-bottom: 0px">Information Source: 65c76781-8b37-4fbf-a2ae-1c49f6b49b22!</p><p style="margin-bottom: 0px">Security Labels: <span title="{http://terminology.hl7.org/CodeSystem/v3-Confidentiality http://terminology.hl7.org/CodeSystem/v3-Confidentiality}">http://terminology.hl7.org/CodeSystem/v3-Confidentiality</span></p></div><p><b>NZePS Status Type</b>: Valid</p><p><b>NZePS Medication Action Type</b>: None</p><p><b>NZePS Patient Instructions Modification Indicator</b>: false</p><p><b>NZePS Long Term Medication Indicator</b>: false</p><p><b>NZePS Patient Medication Modification Indicator</b>: false</p><p><b>NZePS Unusual Dose Quantity Indicator</b>: false</p><p><b>NZePS Funding Category</b>: A4</p><p><b>NZePS Medication Claimable Indicator</b>: false</p><p><b>NZePS Private Item Indicator</b>: false</p><p><b>NZePS Force Notification Indicator</b>: false</p><p><b>NZePS Active Notification Indicator</b>: false</p><p><b>identifier</b>: <a href="NamingSystem-nzeps-scid-item-id.html" title="New Zealand ePrescription Service Script Identifier (SCID) and Item (Line) Number.">nzeps-scid-item-id</a>/1TNQ014R97WQ1CDD79-1</p><p><b>status</b>: active</p><p><b>intent</b>: order</p><p><b>medication</b>: Nicotine 4mg Fruit Gum <span style="background: LightGoldenRodYellow; margin: 4px; border: 1px solid khaki"> (nzmt.org.nz#10316361000116106)</span></p><p><b>subject</b>: <a href="https://simplifier.net/resolve?scope=fhir.org.nz.ig.base@2.0.0&amp;canonical=http://fhir.org.nz/ig/base/Patient/ZZZ0008">Patient/ZZZ0008: Mr Test Patient | Male | 2001-01-01</a></p><p><b>supportingInformation</b>: <a href="https://simplifier.net/resolve?scope=fhir.org.nz.ig.base@2.0.0&amp;canonical=http://fhir.org.nz/ig/base/Location/8a3b88c3-2a99-4fa6-b561-f53d3aedcc43">Location/8a3b88c3-2a99-4fa6-b561-f53d3aedcc43: Pearce Medical Centre</a></p><p><b>authoredOn</b>: 2021-10-13 15:07:16+0000</p><p><b>requester</b>: <a href="https://simplifier.net/resolve?scope=fhir.org.nz.ig.base@2.0.0&amp;canonical=http://fhir.org.nz/ig/base/Practitioner/0c716ff5-14ea-44f8-98ef-dabf8bf4a4d4">Practitioner/0c716ff5-14ea-44f8-98ef-dabf8bf4a4d4: Jim Headrick | Doctor</a></p><p><b>recorder</b>: <a href="https://simplifier.net/resolve?scope=fhir.org.nz.ig.base@2.0.0&amp;canonical=http://fhir.org.nz/ig/base/Practitioner/78d7ea2a-fe20-4879-a519-7545e70e15e0">Practitioner/78d7ea2a-fe20-4879-a519-7545e70e15e0: Rudy Blair</a></p><blockquote><p><b>dosageInstruction</b></p><p><b>sequence</b>: 1</p><p><b>route</b>: null <span style="background: LightGoldenRodYellow; margin: 4px; border: 1px solid khaki"> (<a href="http://terminology.hl7.org/4.0.0/CodeSystem-v3-RouteOfAdministration.html">RouteOfAdministration</a>)</span></p><blockquote><p><b>doseAndRate</b></p></blockquote></blockquote><blockquote><p><b>dispenseRequest</b></p><h3>DispenseIntervals</h3><table class="grid"><tr><td style="display: none">-</td><td><b>Value</b></td><td><b>Unit</b></td></tr><tr><td style="display: none">*</td><td>90</td><td>d</td></tr></table><p><b>numberOfRepeatsAllowed</b>: 1</p><p><b>quantity</b>: 384 Gum</p></blockquote><h3>Substitutions</h3><table class="grid"><tr><td style="display: none">-</td><td><b>Allowed[x]</b></td></tr><tr><td style="display: none">*</td><td>false</td></tr></table></div>
        </text>
        <extension url="http://hl7.org.nz/fhir/StructureDefinition/nzeps-status-type">
          <valueCode value="Valid"/>
        </extension>
        <extension url="http://hl7.org.nz/fhir/StructureDefinition/nzeps-medication-action">
          <valueCode value="None"/>
        </extension>
        <extension url="http://hl7.org.nz/fhir/StructureDefinition/nzeps-instructions-modified">
          <valueBoolean value="false"/>
        </extension>
        <extension url="http://hl7.org.nz/fhir/StructureDefinition/nzeps-long-term-medication">
          <valueBoolean value="false"/>
        </extension>
        <extension url="http://hl7.org.nz/fhir/StructureDefinition/nzeps-medication-modified">
          <valueBoolean value="false"/>
        </extension>
        <extension url="http://hl7.org.nz/fhir/StructureDefinition/nzeps-unusual-dose-quantity">
          <valueBoolean value="false"/>
        </extension>
        <extension url="http://hl7.org.nz/fhir/StructureDefinition/nzeps-funding-category">
          <valueString value="A4"/>
        </extension>
        <extension url="http://hl7.org.nz/fhir/StructureDefinition/nzeps-medication-claimable">
          <valueBoolean value="false"/>
        </extension>
        <extension url="http://hl7.org.nz/fhir/StructureDefinition/nzeps-private-item">
          <valueBoolean value="false"/>
        </extension>
        <extension url="http://hl7.org.nz/fhir/StructureDefinition/nzeps-force-notification">
          <valueBoolean value="false"/>
        </extension>
        <extension url="http://hl7.org.nz/fhir/StructureDefinition/nzeps-notify">
          <valueBoolean value="false"/>
        </extension>
        <identifier>
          <system value="https://standards.digital.health.nz/ns/nzeps-scid-item-id"/>
          <value value="1TNQ014R97WQ1CDD79-1"/>
        </identifier>
        <status value="active"/>
        <intent value="order"/>
        <medicationCodeableConcept>
          <coding>
            <system value="http://nzmt.org.nz"/>
            <code value="10316361000116106"/>
            <display value="Nicotine 4mg Fruit Gum"/>
          </coding>
        </medicationCodeableConcept>
        <subject>
          <reference value="Patient/ZZZ0008"/>
          <type value="Patient"/>
          <identifier>
            <system value="https://standards.digital.health.nz/ns/nhi-id"/>
            <value value="ZZZ0008"/>
          </identifier>
          <display value="Mr Test Patient | Male | 2001-01-01"/>
        </subject>
        <supportingInformation>
          <reference value="Location/8a3b88c3-2a99-4fa6-b561-f53d3aedcc43"/>
          <type value="Location"/>
          <display value="Pearce Medical Centre"/>
        </supportingInformation>
        <authoredOn value="2021-10-13T15:07:16+00:00"/>
        <requester>
          <reference value="Practitioner/0c716ff5-14ea-44f8-98ef-dabf8bf4a4d4"/>
          <type value="Practitioner"/>
          <display value="Jim Headrick | Doctor"/>
        </requester>
        <recorder>
          <reference value="Practitioner/78d7ea2a-fe20-4879-a519-7545e70e15e0"/>
          <type value="Practitioner"/>
          <display value="Rudy Blair"/>
        </recorder>
        <dosageInstruction>
          <sequence value="1"/>
          <route>
            <coding>
              <system value="http://terminology.hl7.org/CodeSystem/v3-RouteOfAdministration"/>
            </coding>
          </route>
          <doseAndRate>
            <type>
              <coding>
                <system value="http://terminology.hl7.org/CodeSystem/dose-rate-type"/>
                <code value="ordered"/>
                <display value="Ordered"/>
              </coding>
            </type>
          </doseAndRate>
        </dosageInstruction>
        <dispenseRequest>
          <dispenseInterval>
            <value value="90"/>
            <unit value="d"/>
          </dispenseInterval>
          <numberOfRepeatsAllowed value="1"/>
          <quantity>
            <value value="384"/>
            <unit value="Gum"/>
          </quantity>
        </dispenseRequest>
        <substitution>
          <allowedBoolean value="false"/>
        </substitution>
      </MedicationRequest>
    </resource>
    <search>
      <mode value="match"/>
    </search>
  </entry>
  <entry>
    <fullUrl value="https://preprod-apibroker.whanautahi.com/mdr/fhir/MedicationRequest/1TNQ01RP96CCY86MM5-1"/>
    <resource>
      <MedicationRequest>
        <id value="1TNQ01RP96CCY86MM5-1"/>
        <meta>
          <versionId value="1"/>
          <lastUpdated value="2021-10-20T03:28:14.87+00:00"/>
          <source value="f68a751c-7a19-4c87-a2ce-ba1399641e85"/>
          <security>
            <system value="http://terminology.hl7.org/CodeSystem/v3-Confidentiality"/>
            <code value="U"/>
            <display value="unrestricted"/>
          </security>
        </meta>
        <text>
          <status value="extensions"/><div xmlns="http://www.w3.org/1999/xhtml"><p><b>Generated Narrative: MedicationRequest</b><a name="1TNQ01RP96CCY86MM5-1"> </a></p><div style="display: inline-block; background-color: #d9e0e7; padding: 6px; margin: 4px; border: 1px solid #8da1b4; border-radius: 5px; line-height: 60%"><p style="margin-bottom: 0px">Resource MedicationRequest &quot;1TNQ01RP96CCY86MM5-1&quot; Version &quot;1&quot; Updated &quot;2021-10-20 03:28:14+0000&quot; </p><p style="margin-bottom: 0px">Information Source: f68a751c-7a19-4c87-a2ce-ba1399641e85!</p><p style="margin-bottom: 0px">Security Labels: <span title="{http://terminology.hl7.org/CodeSystem/v3-Confidentiality http://terminology.hl7.org/CodeSystem/v3-Confidentiality}">http://terminology.hl7.org/CodeSystem/v3-Confidentiality</span></p></div><p><b>NZePS Status Type</b>: Valid</p><p><b>NZePS Medication Action Type</b>: None</p><blockquote><p><b>NZePS Endorsement</b></p><blockquote><p><b>url</b></p><code>endorsementType</code></blockquote><p><b>value</b>: Dispensing Frequency <span style="background: LightGoldenRodYellow; margin: 4px; border: 1px solid khaki"> (nzeps-endorsement-type)</span></p><blockquote><p><b>url</b></p><code>endorsementValue</code></blockquote><p><b>value</b>: Yes</p></blockquote><p><b>NZePS Patient Instructions Modification Indicator</b>: false</p><p><b>NZePS Long Term Medication Indicator</b>: false</p><p><b>NZePS Patient Medication Modification Indicator</b>: false</p><p><b>NZePS Unusual Dose Quantity Indicator</b>: false</p><p><b>NZePS Funding Category</b>: A4</p><p><b>NZePS Medication Claimable Indicator</b>: false</p><p><b>NZePS Private Item Indicator</b>: false</p><p><b>NZePS Force Notification Indicator</b>: false</p><p><b>NZePS Active Notification Indicator</b>: false</p><p><b>identifier</b>: <a href="NamingSystem-nzeps-scid-item-id.html" title="New Zealand ePrescription Service Script Identifier (SCID) and Item (Line) Number.">nzeps-scid-item-id</a>/1TNQ01RP96CCY86MM5-1</p><p><b>status</b>: active</p><p><b>intent</b>: order</p><p><b>medication</b>: Ibuprofen 200mg Tablets <span style="background: LightGoldenRodYellow; margin: 4px; border: 1px solid khaki"> (nzmt.org.nz#10044651000116102)</span></p><p><b>subject</b>: <a href="https://simplifier.net/resolve?scope=fhir.org.nz.ig.base@2.0.0&amp;canonical=http://fhir.org.nz/ig/base/Patient/ZZZ0008">Patient/ZZZ0008: Mr Test Patient | Male | 2001-01-01</a></p><p><b>supportingInformation</b>: <a href="https://simplifier.net/resolve?scope=fhir.org.nz.ig.base@2.0.0&amp;canonical=http://fhir.org.nz/ig/base/Location/113c738a-c52c-44a0-85f0-86931e611296">Location/113c738a-c52c-44a0-85f0-86931e611296: Morvern Medical Centre</a></p><p><b>authoredOn</b>: 2021-10-14 21:52:20+0000</p><p><b>requester</b>: <a href="https://simplifier.net/resolve?scope=fhir.org.nz.ig.base@2.0.0&amp;canonical=http://fhir.org.nz/ig/base/Practitioner/52049">Practitioner/52049: Dr Marrisa Abdullah | Doctor | 52049</a></p><p><b>recorder</b>: <a href="https://simplifier.net/resolve?scope=fhir.org.nz.ig.base@2.0.0&amp;canonical=http://fhir.org.nz/ig/base/Practitioner/57da0f80-8234-487b-975b-f203cab155ff">Practitioner/57da0f80-8234-487b-975b-f203cab155ff: Rudy Blair</a></p><blockquote><p><b>dosageInstruction</b></p><p><b>sequence</b>: 1</p><p><b>route</b>: null <span style="background: LightGoldenRodYellow; margin: 4px; border: 1px solid khaki"> (<a href="http://terminology.hl7.org/4.0.0/CodeSystem-v3-RouteOfAdministration.html">RouteOfAdministration</a>)</span></p><blockquote><p><b>doseAndRate</b></p></blockquote></blockquote><blockquote><p><b>dispenseRequest</b></p><h3>DispenseIntervals</h3><table class="grid"><tr><td style="display: none">-</td><td><b>Value</b></td><td><b>Unit</b></td></tr><tr><td style="display: none">*</td><td>45</td><td>d</td></tr></table><p><b>numberOfRepeatsAllowed</b>: 2</p><p><b>quantity</b>: 30 Tablets</p></blockquote><h3>Substitutions</h3><table class="grid"><tr><td style="display: none">-</td><td><b>Allowed[x]</b></td></tr><tr><td style="display: none">*</td><td>true</td></tr></table></div>
        </text>
        <extension url="http://hl7.org.nz/fhir/StructureDefinition/nzeps-status-type">
          <valueCode value="Valid"/>
        </extension>
        <extension url="http://hl7.org.nz/fhir/StructureDefinition/nzeps-medication-action">
          <valueCode value="None"/>
        </extension>
        <extension url="http://hl7.org.nz/fhir/StructureDefinition/nzeps-endorsement">
          <extension url="endorsementType">
            <valueCodeableConcept>
              <coding>
                <system value="http://hl7.org.nz/fhir/CodeSystem/nzeps-endorsement-type"/>
                <display value="Dispensing Frequency"/>
              </coding>
            </valueCodeableConcept>
          </extension>
          <extension url="endorsementValue">
            <valueString value="Yes"/>
          </extension>
        </extension>
        <extension url="http://hl7.org.nz/fhir/StructureDefinition/nzeps-instructions-modified">
          <valueBoolean value="false"/>
        </extension>
        <extension url="http://hl7.org.nz/fhir/StructureDefinition/nzeps-long-term-medication">
          <valueBoolean value="false"/>
        </extension>
        <extension url="http://hl7.org.nz/fhir/StructureDefinition/nzeps-medication-modified">
          <valueBoolean value="false"/>
        </extension>
        <extension url="http://hl7.org.nz/fhir/StructureDefinition/nzeps-unusual-dose-quantity">
          <valueBoolean value="false"/>
        </extension>
        <extension url="http://hl7.org.nz/fhir/StructureDefinition/nzeps-funding-category">
          <valueString value="A4"/>
        </extension>
        <extension url="http://hl7.org.nz/fhir/StructureDefinition/nzeps-medication-claimable">
          <valueBoolean value="false"/>
        </extension>
        <extension url="http://hl7.org.nz/fhir/StructureDefinition/nzeps-private-item">
          <valueBoolean value="false"/>
        </extension>
        <extension url="http://hl7.org.nz/fhir/StructureDefinition/nzeps-force-notification">
          <valueBoolean value="false"/>
        </extension>
        <extension url="http://hl7.org.nz/fhir/StructureDefinition/nzeps-notify">
          <valueBoolean value="false"/>
        </extension>
        <identifier>
          <system value="https://standards.digital.health.nz/ns/nzeps-scid-item-id"/>
          <value value="1TNQ01RP96CCY86MM5-1"/>
        </identifier>
        <status value="active"/>
        <intent value="order"/>
        <medicationCodeableConcept>
          <coding>
            <system value="http://nzmt.org.nz"/>
            <code value="10044651000116102"/>
            <display value="Ibuprofen 200mg Tablets"/>
          </coding>
        </medicationCodeableConcept>
        <subject>
          <reference value="Patient/ZZZ0008"/>
          <type value="Patient"/>
          <identifier>
            <system value="https://standards.digital.health.nz/ns/nhi-id"/>
            <value value="ZZZ0008"/>
          </identifier>
          <display value="Mr Test Patient | Male | 2001-01-01"/>
        </subject>
        <supportingInformation>
          <reference value="Location/113c738a-c52c-44a0-85f0-86931e611296"/>
          <type value="Location"/>
          <display value="Morvern Medical Centre"/>
        </supportingInformation>
        <authoredOn value="2021-10-14T21:52:20+00:00"/>
        <requester>
          <reference value="Practitioner/52049"/>
          <type value="Practitioner"/>
          <identifier>
            <system value="https://standards.digital.health.nz/ns/hpi-person-id"/>
            <value value="52049"/>
          </identifier>
          <display value="Dr Marrisa Abdullah | Doctor | 52049"/>
        </requester>
        <recorder>
          <reference value="Practitioner/57da0f80-8234-487b-975b-f203cab155ff"/>
          <type value="Practitioner"/>
          <display value="Rudy Blair"/>
        </recorder>
        <dosageInstruction>
          <sequence value="1"/>
          <route>
            <coding>
              <system value="http://terminology.hl7.org/CodeSystem/v3-RouteOfAdministration"/>
            </coding>
          </route>
          <doseAndRate>
            <type>
              <coding>
                <system value="http://terminology.hl7.org/CodeSystem/dose-rate-type"/>
                <code value="ordered"/>
                <display value="Ordered"/>
              </coding>
            </type>
          </doseAndRate>
        </dosageInstruction>
        <dispenseRequest>
          <dispenseInterval>
            <value value="45"/>
            <unit value="d"/>
          </dispenseInterval>
          <numberOfRepeatsAllowed value="2"/>
          <quantity>
            <value value="30"/>
            <unit value="Tablets"/>
          </quantity>
        </dispenseRequest>
        <substitution>
          <allowedBoolean value="true"/>
        </substitution>
      </MedicationRequest>
    </resource>
    <search>
      <mode value="match"/>
    </search>
  </entry>
  <entry>
    <fullUrl value="https://preprod-apibroker.whanautahi.com/mdr/fhir/MedicationRequest/1TNQ01FNN8DHRNKJX7-1"/>
    <resource>
      <MedicationRequest>
        <id value="1TNQ01FNN8DHRNKJX7-1"/>
        <meta>
          <versionId value="1"/>
          <lastUpdated value="2021-10-20T03:33:57.293+00:00"/>
          <source value="f023c516-8ada-4fd0-8b8a-bb1c8b4dd372"/>
          <security>
            <system value="http://terminology.hl7.org/CodeSystem/v3-Confidentiality"/>
            <code value="U"/>
            <display value="unrestricted"/>
          </security>
        </meta>
        <text>
          <status value="extensions"/><div xmlns="http://www.w3.org/1999/xhtml"><p><b>Generated Narrative: MedicationRequest</b><a name="1TNQ01FNN8DHRNKJX7-1"> </a></p><div style="display: inline-block; background-color: #d9e0e7; padding: 6px; margin: 4px; border: 1px solid #8da1b4; border-radius: 5px; line-height: 60%"><p style="margin-bottom: 0px">Resource MedicationRequest &quot;1TNQ01FNN8DHRNKJX7-1&quot; Version &quot;1&quot; Updated &quot;2021-10-20 03:33:57+0000&quot; </p><p style="margin-bottom: 0px">Information Source: f023c516-8ada-4fd0-8b8a-bb1c8b4dd372!</p><p style="margin-bottom: 0px">Security Labels: <span title="{http://terminology.hl7.org/CodeSystem/v3-Confidentiality http://terminology.hl7.org/CodeSystem/v3-Confidentiality}">http://terminology.hl7.org/CodeSystem/v3-Confidentiality</span></p></div><p><b>NZePS Status Type</b>: Valid</p><p><b>NZePS Medication Action Type</b>: None</p><p><b>NZePS Patient Instructions Modification Indicator</b>: false</p><p><b>NZePS Long Term Medication Indicator</b>: false</p><p><b>NZePS Patient Medication Modification Indicator</b>: false</p><p><b>NZePS Unusual Dose Quantity Indicator</b>: false</p><p><b>NZePS Funding Category</b>: A4</p><p><b>NZePS Medication Claimable Indicator</b>: false</p><p><b>NZePS Private Item Indicator</b>: false</p><p><b>NZePS Force Notification Indicator</b>: false</p><p><b>NZePS Active Notification Indicator</b>: false</p><p><b>identifier</b>: <a href="NamingSystem-nzeps-scid-item-id.html" title="New Zealand ePrescription Service Script Identifier (SCID) and Item (Line) Number.">nzeps-scid-item-id</a>/1TNQ01FNN8DHRNKJX7-1</p><p><b>status</b>: completed</p><p><b>intent</b>: order</p><p><b>medication</b>: Tamoxifen 20mg Tablets <span style="background: LightGoldenRodYellow; margin: 4px; border: 1px solid khaki"> (nzmt.org.nz#10035001000116109)</span></p><p><b>subject</b>: <a href="https://simplifier.net/resolve?scope=fhir.org.nz.ig.base@2.0.0&amp;canonical=http://fhir.org.nz/ig/base/Patient/ZZZ0008">Patient/ZZZ0008: Mr Test Patient | Male | 2001-01-01</a></p><p><b>supportingInformation</b>: <a href="https://simplifier.net/resolve?scope=fhir.org.nz.ig.base@2.0.0&amp;canonical=http://fhir.org.nz/ig/base/Location/fd650100-74fe-474e-82ef-b7ee63e2eb31">Location/fd650100-74fe-474e-82ef-b7ee63e2eb31: Idyll Medical Centre</a></p><p><b>authoredOn</b>: 2021-10-18 23:08:57+0000</p><p><b>requester</b>: <a href="https://simplifier.net/resolve?scope=fhir.org.nz.ig.base@2.0.0&amp;canonical=http://fhir.org.nz/ig/base/Practitioner/94883">Practitioner/94883: Dr Steven Taber | Doctor | 94883</a></p><p><b>recorder</b>: <a href="https://simplifier.net/resolve?scope=fhir.org.nz.ig.base@2.0.0&amp;canonical=http://fhir.org.nz/ig/base/Practitioner/49cd4417-5c9a-444d-957f-96df0b986b7a">Practitioner/49cd4417-5c9a-444d-957f-96df0b986b7a: Rudy Blair</a></p><blockquote><p><b>dosageInstruction</b></p><p><b>sequence</b>: 1</p><p><b>route</b>: null <span style="background: LightGoldenRodYellow; margin: 4px; border: 1px solid khaki"> (<a href="http://terminology.hl7.org/4.0.0/CodeSystem-v3-RouteOfAdministration.html">RouteOfAdministration</a>)</span></p><blockquote><p><b>doseAndRate</b></p></blockquote></blockquote><h3>DispenseRequests</h3><table class="grid"><tr><td style="display: none">-</td><td><b>NumberOfRepeatsAllowed</b></td><td><b>Quantity</b></td></tr><tr><td style="display: none">*</td><td>0</td><td>14 Tablets</td></tr></table><h3>Substitutions</h3><table class="grid"><tr><td style="display: none">-</td><td><b>Allowed[x]</b></td></tr><tr><td style="display: none">*</td><td>true</td></tr></table></div>
        </text>
        <extension url="http://hl7.org.nz/fhir/StructureDefinition/nzeps-status-type">
          <valueCode value="Valid"/>
        </extension>
        <extension url="http://hl7.org.nz/fhir/StructureDefinition/nzeps-medication-action">
          <valueCode value="None"/>
        </extension>
        <extension url="http://hl7.org.nz/fhir/StructureDefinition/nzeps-instructions-modified">
          <valueBoolean value="false"/>
        </extension>
        <extension url="http://hl7.org.nz/fhir/StructureDefinition/nzeps-long-term-medication">
          <valueBoolean value="false"/>
        </extension>
        <extension url="http://hl7.org.nz/fhir/StructureDefinition/nzeps-medication-modified">
          <valueBoolean value="false"/>
        </extension>
        <extension url="http://hl7.org.nz/fhir/StructureDefinition/nzeps-unusual-dose-quantity">
          <valueBoolean value="false"/>
        </extension>
        <extension url="http://hl7.org.nz/fhir/StructureDefinition/nzeps-funding-category">
          <valueString value="A4"/>
        </extension>
        <extension url="http://hl7.org.nz/fhir/StructureDefinition/nzeps-medication-claimable">
          <valueBoolean value="false"/>
        </extension>
        <extension url="http://hl7.org.nz/fhir/StructureDefinition/nzeps-private-item">
          <valueBoolean value="false"/>
        </extension>
        <extension url="http://hl7.org.nz/fhir/StructureDefinition/nzeps-force-notification">
          <valueBoolean value="false"/>
        </extension>
        <extension url="http://hl7.org.nz/fhir/StructureDefinition/nzeps-notify">
          <valueBoolean value="false"/>
        </extension>
        <identifier>
          <system value="https://standards.digital.health.nz/ns/nzeps-scid-item-id"/>
          <value value="1TNQ01FNN8DHRNKJX7-1"/>
        </identifier>
        <status value="completed"/>
        <intent value="order"/>
        <medicationCodeableConcept>
          <coding>
            <system value="http://nzmt.org.nz"/>
            <code value="10035001000116109"/>
            <display value="Tamoxifen 20mg Tablets"/>
          </coding>
        </medicationCodeableConcept>
        <subject>
          <reference value="Patient/ZZZ0008"/>
          <type value="Patient"/>
          <identifier>
            <system value="https://standards.digital.health.nz/ns/nhi-id"/>
            <value value="ZZZ0008"/>
          </identifier>
          <display value="Mr Test Patient | Male | 2001-01-01"/>
        </subject>
        <supportingInformation>
          <reference value="Location/fd650100-74fe-474e-82ef-b7ee63e2eb31"/>
          <type value="Location"/>
          <display value="Idyll Medical Centre"/>
        </supportingInformation>
        <authoredOn value="2021-10-18T23:08:57+00:00"/>
        <requester>
          <reference value="Practitioner/94883"/>
          <type value="Practitioner"/>
          <identifier>
            <system value="https://standards.digital.health.nz/ns/hpi-person-id"/>
            <value value="94883"/>
          </identifier>
          <display value="Dr Steven Taber | Doctor | 94883"/>
        </requester>
        <recorder>
          <reference value="Practitioner/49cd4417-5c9a-444d-957f-96df0b986b7a"/>
          <type value="Practitioner"/>
          <display value="Rudy Blair"/>
        </recorder>
        <dosageInstruction>
          <sequence value="1"/>
          <route>
            <coding>
              <system value="http://terminology.hl7.org/CodeSystem/v3-RouteOfAdministration"/>
            </coding>
          </route>
          <doseAndRate>
            <type>
              <coding>
                <system value="http://terminology.hl7.org/CodeSystem/dose-rate-type"/>
                <code value="ordered"/>
                <display value="Ordered"/>
              </coding>
            </type>
          </doseAndRate>
        </dosageInstruction>
        <dispenseRequest>
          <numberOfRepeatsAllowed value="0"/>
          <quantity>
            <value value="14"/>
            <unit value="Tablets"/>
          </quantity>
        </dispenseRequest>
        <substitution>
          <allowedBoolean value="true"/>
        </substitution>
      </MedicationRequest>
    </resource>
    <search>
      <mode value="match"/>
    </search>
  </entry>
  <entry>
    <fullUrl value="https://preprod-apibroker.whanautahi.com/mdr/fhir/MedicationRequest/1TNQ01QVNQN4R5K3WA-1"/>
    <resource>
      <MedicationRequest>
        <id value="1TNQ01QVNQN4R5K3WA-1"/>
        <meta>
          <versionId value="1"/>
          <lastUpdated value="2021-10-20T03:24:55.88+00:00"/>
          <source value="041f96e4-3d85-49d3-970b-a26bf6fc2251"/>
          <security>
            <system value="http://terminology.hl7.org/CodeSystem/v3-Confidentiality"/>
            <code value="U"/>
            <display value="unrestricted"/>
          </security>
        </meta>
        <text>
          <status value="extensions"/><div xmlns="http://www.w3.org/1999/xhtml"><p><b>Generated Narrative: MedicationRequest</b><a name="1TNQ01QVNQN4R5K3WA-1"> </a></p><div style="display: inline-block; background-color: #d9e0e7; padding: 6px; margin: 4px; border: 1px solid #8da1b4; border-radius: 5px; line-height: 60%"><p style="margin-bottom: 0px">Resource MedicationRequest &quot;1TNQ01QVNQN4R5K3WA-1&quot; Version &quot;1&quot; Updated &quot;2021-10-20 03:24:55+0000&quot; </p><p style="margin-bottom: 0px">Information Source: 041f96e4-3d85-49d3-970b-a26bf6fc2251!</p><p style="margin-bottom: 0px">Security Labels: <span title="{http://terminology.hl7.org/CodeSystem/v3-Confidentiality http://terminology.hl7.org/CodeSystem/v3-Confidentiality}">http://terminology.hl7.org/CodeSystem/v3-Confidentiality</span></p></div><p><b>NZePS Status Type</b>: Valid</p><p><b>NZePS Medication Action Type</b>: None</p><blockquote><p><b>NZePS Endorsement</b></p><blockquote><p><b>url</b></p><code>endorsementType</code></blockquote><p><b>value</b>: Dispensing Frequency <span style="background: LightGoldenRodYellow; margin: 4px; border: 1px solid khaki"> (nzeps-endorsement-type)</span></p><blockquote><p><b>url</b></p><code>endorsementValue</code></blockquote><p><b>value</b>: Yes</p></blockquote><p><b>NZePS Patient Instructions Modification Indicator</b>: false</p><p><b>NZePS Long Term Medication Indicator</b>: false</p><p><b>NZePS Patient Medication Modification Indicator</b>: false</p><p><b>NZePS Unusual Dose Quantity Indicator</b>: false</p><p><b>NZePS Funding Category</b>: A4</p><p><b>NZePS Medication Claimable Indicator</b>: false</p><p><b>NZePS Private Item Indicator</b>: false</p><p><b>NZePS Force Notification Indicator</b>: false</p><p><b>NZePS Active Notification Indicator</b>: false</p><p><b>identifier</b>: <a href="NamingSystem-nzeps-scid-item-id.html" title="New Zealand ePrescription Service Script Identifier (SCID) and Item (Line) Number.">nzeps-scid-item-id</a>/1TNQ01QVNQN4R5K3WA-1</p><p><b>status</b>: completed</p><p><b>intent</b>: order</p><p><b>medication</b>: Aspirin 100mg EC Tablets <span style="background: LightGoldenRodYellow; margin: 4px; border: 1px solid khaki"> (nzmt.org.nz#44271691000116103)</span></p><p><b>subject</b>: <a href="https://simplifier.net/resolve?scope=fhir.org.nz.ig.base@2.0.0&amp;canonical=http://fhir.org.nz/ig/base/Patient/ZZZ0008">Patient/ZZZ0008: Mr Test Patient | Male | 2001-01-01</a></p><p><b>supportingInformation</b>: <a href="https://simplifier.net/resolve?scope=fhir.org.nz.ig.base@2.0.0&amp;canonical=http://fhir.org.nz/ig/base/Location/711e0fbf-d71b-46bf-8384-221d8ae1d556">Location/711e0fbf-d71b-46bf-8384-221d8ae1d556: Morvern Medical Centre</a></p><p><b>authoredOn</b>: 2021-10-11 13:37:54+0000</p><p><b>requester</b>: <a href="https://simplifier.net/resolve?scope=fhir.org.nz.ig.base@2.0.0&amp;canonical=http://fhir.org.nz/ig/base/Practitioner/52049">Practitioner/52049: Dr Marrisa Abdullah | Doctor | 52049</a></p><p><b>recorder</b>: <a href="https://simplifier.net/resolve?scope=fhir.org.nz.ig.base@2.0.0&amp;canonical=http://fhir.org.nz/ig/base/Practitioner/55112fe0-52ec-4fb4-8879-094400408a1a">Practitioner/55112fe0-52ec-4fb4-8879-094400408a1a: Rudy Blair</a></p><blockquote><p><b>dosageInstruction</b></p><p><b>sequence</b>: 1</p><p><b>route</b>: null <span style="background: LightGoldenRodYellow; margin: 4px; border: 1px solid khaki"> (<a href="http://terminology.hl7.org/4.0.0/CodeSystem-v3-RouteOfAdministration.html">RouteOfAdministration</a>)</span></p><blockquote><p><b>doseAndRate</b></p></blockquote></blockquote><blockquote><p><b>dispenseRequest</b></p><h3>DispenseIntervals</h3><table class="grid"><tr><td style="display: none">-</td><td><b>Value</b></td><td><b>Unit</b></td></tr><tr><td style="display: none">*</td><td>0</td><td>d</td></tr></table><p><b>numberOfRepeatsAllowed</b>: 2</p><p><b>quantity</b>: 30 Tablets</p></blockquote><h3>Substitutions</h3><table class="grid"><tr><td style="display: none">-</td><td><b>Allowed[x]</b></td></tr><tr><td style="display: none">*</td><td>true</td></tr></table></div>
        </text>
        <extension url="http://hl7.org.nz/fhir/StructureDefinition/nzeps-status-type">
          <valueCode value="Valid"/>
        </extension>
        <extension url="http://hl7.org.nz/fhir/StructureDefinition/nzeps-medication-action">
          <valueCode value="None"/>
        </extension>
        <extension url="http://hl7.org.nz/fhir/StructureDefinition/nzeps-endorsement">
          <extension url="endorsementType">
            <valueCodeableConcept>
              <coding>
                <system value="http://hl7.org.nz/fhir/CodeSystem/nzeps-endorsement-type"/>
                <display value="Dispensing Frequency"/>
              </coding>
            </valueCodeableConcept>
          </extension>
          <extension url="endorsementValue">
            <valueString value="Yes"/>
          </extension>
        </extension>
        <extension url="http://hl7.org.nz/fhir/StructureDefinition/nzeps-instructions-modified">
          <valueBoolean value="false"/>
        </extension>
        <extension url="http://hl7.org.nz/fhir/StructureDefinition/nzeps-long-term-medication">
          <valueBoolean value="false"/>
        </extension>
        <extension url="http://hl7.org.nz/fhir/StructureDefinition/nzeps-medication-modified">
          <valueBoolean value="false"/>
        </extension>
        <extension url="http://hl7.org.nz/fhir/StructureDefinition/nzeps-unusual-dose-quantity">
          <valueBoolean value="false"/>
        </extension>
        <extension url="http://hl7.org.nz/fhir/StructureDefinition/nzeps-funding-category">
          <valueString value="A4"/>
        </extension>
        <extension url="http://hl7.org.nz/fhir/StructureDefinition/nzeps-medication-claimable">
          <valueBoolean value="false"/>
        </extension>
        <extension url="http://hl7.org.nz/fhir/StructureDefinition/nzeps-private-item">
          <valueBoolean value="false"/>
        </extension>
        <extension url="http://hl7.org.nz/fhir/StructureDefinition/nzeps-force-notification">
          <valueBoolean value="false"/>
        </extension>
        <extension url="http://hl7.org.nz/fhir/StructureDefinition/nzeps-notify">
          <valueBoolean value="false"/>
        </extension>
        <identifier>
          <system value="https://standards.digital.health.nz/ns/nzeps-scid-item-id"/>
          <value value="1TNQ01QVNQN4R5K3WA-1"/>
        </identifier>
        <status value="completed"/>
        <intent value="order"/>
        <medicationCodeableConcept>
          <coding>
            <system value="http://nzmt.org.nz"/>
            <code value="44271691000116103"/>
            <display value="Aspirin 100mg EC Tablets"/>
          </coding>
        </medicationCodeableConcept>
        <subject>
          <reference value="Patient/ZZZ0008"/>
          <type value="Patient"/>
          <identifier>
            <system value="https://standards.digital.health.nz/ns/nhi-id"/>
            <value value="ZZZ0008"/>
          </identifier>
          <display value="Mr Test Patient | Male | 2001-01-01"/>
        </subject>
        <supportingInformation>
          <reference value="Location/711e0fbf-d71b-46bf-8384-221d8ae1d556"/>
          <type value="Location"/>
          <display value="Morvern Medical Centre"/>
        </supportingInformation>
        <authoredOn value="2021-10-11T13:37:54+00:00"/>
        <requester>
          <reference value="Practitioner/52049"/>
          <type value="Practitioner"/>
          <identifier>
            <system value="https://standards.digital.health.nz/ns/hpi-person-id"/>
            <value value="52049"/>
          </identifier>
          <display value="Dr Marrisa Abdullah | Doctor | 52049"/>
        </requester>
        <recorder>
          <reference value="Practitioner/55112fe0-52ec-4fb4-8879-094400408a1a"/>
          <type value="Practitioner"/>
          <display value="Rudy Blair"/>
        </recorder>
        <dosageInstruction>
          <sequence value="1"/>
          <route>
            <coding>
              <system value="http://terminology.hl7.org/CodeSystem/v3-RouteOfAdministration"/>
            </coding>
          </route>
          <doseAndRate>
            <type>
              <coding>
                <system value="http://terminology.hl7.org/CodeSystem/dose-rate-type"/>
                <code value="ordered"/>
                <display value="Ordered"/>
              </coding>
            </type>
          </doseAndRate>
        </dosageInstruction>
        <dispenseRequest>
          <dispenseInterval>
            <value value="0"/>
            <unit value="d"/>
          </dispenseInterval>
          <numberOfRepeatsAllowed value="2"/>
          <quantity>
            <value value="30"/>
            <unit value="Tablets"/>
          </quantity>
        </dispenseRequest>
        <substitution>
          <allowedBoolean value="true"/>
        </substitution>
      </MedicationRequest>
    </resource>
    <search>
      <mode value="match"/>
    </search>
  </entry>
  <entry>
    <fullUrl value="https://preprod-apibroker.whanautahi.com/mdr/fhir/MedicationRequest/1TNQ01Y87NRQ604379-1"/>
    <resource>
      <MedicationRequest>
        <id value="1TNQ01Y87NRQ604379-1"/>
        <meta>
          <versionId value="1"/>
          <lastUpdated value="2021-11-02T04:34:19.553+00:00"/>
          <source value="bbae4c17-b1f3-4e19-9b28-ef783a6e6e4e"/>
          <security>
            <system value="http://terminology.hl7.org/CodeSystem/v3-Confidentiality"/>
            <code value="U"/>
            <display value="unrestricted"/>
          </security>
        </meta>
        <text>
          <status value="extensions"/><div xmlns="http://www.w3.org/1999/xhtml"><p><b>Generated Narrative: MedicationRequest</b><a name="1TNQ01Y87NRQ604379-1"> </a></p><div style="display: inline-block; background-color: #d9e0e7; padding: 6px; margin: 4px; border: 1px solid #8da1b4; border-radius: 5px; line-height: 60%"><p style="margin-bottom: 0px">Resource MedicationRequest &quot;1TNQ01Y87NRQ604379-1&quot; Version &quot;1&quot; Updated &quot;2021-11-02 04:34:19+0000&quot; </p><p style="margin-bottom: 0px">Information Source: bbae4c17-b1f3-4e19-9b28-ef783a6e6e4e!</p><p style="margin-bottom: 0px">Security Labels: <span title="{http://terminology.hl7.org/CodeSystem/v3-Confidentiality http://terminology.hl7.org/CodeSystem/v3-Confidentiality}">http://terminology.hl7.org/CodeSystem/v3-Confidentiality</span></p></div><p><b>NZePS Status Type</b>: Valid</p><p><b>NZePS Medication Action Type</b>: None</p><p><b>NZePS Patient Instructions Modification Indicator</b>: false</p><p><b>NZePS Long Term Medication Indicator</b>: false</p><p><b>NZePS Patient Medication Modification Indicator</b>: false</p><p><b>NZePS Unusual Dose Quantity Indicator</b>: false</p><p><b>NZePS Funding Category</b>: A4</p><p><b>NZePS Medication Claimable Indicator</b>: false</p><p><b>NZePS Private Item Indicator</b>: false</p><p><b>NZePS Force Notification Indicator</b>: false</p><p><b>NZePS Active Notification Indicator</b>: false</p><p><b>identifier</b>: <a href="NamingSystem-nzeps-scid-item-id.html" title="New Zealand ePrescription Service Script Identifier (SCID) and Item (Line) Number.">nzeps-scid-item-id</a>/1TNQ01Y87NRQ604379-1</p><p><b>status</b>: completed</p><p><b>intent</b>: order</p><p><b>medication</b>: Atorvastatin 20mg Tablets <span style="background: LightGoldenRodYellow; margin: 4px; border: 1px solid khaki"> (nzmt.org.nz#10395031000116107)</span></p><p><b>subject</b>: <a href="https://simplifier.net/resolve?scope=fhir.org.nz.ig.base@2.0.0&amp;canonical=http://fhir.org.nz/ig/base/Patient/ZZZ0008">Patient/ZZZ0008: Mr Test Patient | Male | 2001-01-01</a></p><p><b>supportingInformation</b>: <a href="https://simplifier.net/resolve?scope=fhir.org.nz.ig.base@2.0.0&amp;canonical=http://fhir.org.nz/ig/base/Location/35cfe0b2-b855-482c-a565-f281d2efc111">Location/35cfe0b2-b855-482c-a565-f281d2efc111: Morvern Medical Centre</a></p><p><b>authoredOn</b>: 2021-11-01 16:24:34+0000</p><p><b>requester</b>: <a href="https://simplifier.net/resolve?scope=fhir.org.nz.ig.base@2.0.0&amp;canonical=http://fhir.org.nz/ig/base/Practitioner/52049">Practitioner/52049: Dr Marrisa Abdullah | Doctor | 52049</a></p><p><b>recorder</b>: <a href="https://simplifier.net/resolve?scope=fhir.org.nz.ig.base@2.0.0&amp;canonical=http://fhir.org.nz/ig/base/Practitioner/5695b4b8-d565-417a-b5e2-f33c4b8b7b8b">Practitioner/5695b4b8-d565-417a-b5e2-f33c4b8b7b8b: Rudy Blair</a></p><blockquote><p><b>dosageInstruction</b></p><p><b>sequence</b>: 1</p><p><b>route</b>: null <span style="background: LightGoldenRodYellow; margin: 4px; border: 1px solid khaki"> (<a href="http://terminology.hl7.org/4.0.0/CodeSystem-v3-RouteOfAdministration.html">RouteOfAdministration</a>)</span></p><blockquote><p><b>doseAndRate</b></p></blockquote></blockquote><h3>DispenseRequests</h3><table class="grid"><tr><td style="display: none">-</td><td><b>NumberOfRepeatsAllowed</b></td><td><b>Quantity</b></td></tr><tr><td style="display: none">*</td><td>0</td><td>30 Tablets</td></tr></table><h3>Substitutions</h3><table class="grid"><tr><td style="display: none">-</td><td><b>Allowed[x]</b></td></tr><tr><td style="display: none">*</td><td>true</td></tr></table></div>
        </text>
        <extension url="http://hl7.org.nz/fhir/StructureDefinition/nzeps-status-type">
          <valueCode value="Valid"/>
        </extension>
        <extension url="http://hl7.org.nz/fhir/StructureDefinition/nzeps-medication-action">
          <valueCode value="None"/>
        </extension>
        <extension url="http://hl7.org.nz/fhir/StructureDefinition/nzeps-instructions-modified">
          <valueBoolean value="false"/>
        </extension>
        <extension url="http://hl7.org.nz/fhir/StructureDefinition/nzeps-long-term-medication">
          <valueBoolean value="false"/>
        </extension>
        <extension url="http://hl7.org.nz/fhir/StructureDefinition/nzeps-medication-modified">
          <valueBoolean value="false"/>
        </extension>
        <extension url="http://hl7.org.nz/fhir/StructureDefinition/nzeps-unusual-dose-quantity">
          <valueBoolean value="false"/>
        </extension>
        <extension url="http://hl7.org.nz/fhir/StructureDefinition/nzeps-funding-category">
          <valueString value="A4"/>
        </extension>
        <extension url="http://hl7.org.nz/fhir/StructureDefinition/nzeps-medication-claimable">
          <valueBoolean value="false"/>
        </extension>
        <extension url="http://hl7.org.nz/fhir/StructureDefinition/nzeps-private-item">
          <valueBoolean value="false"/>
        </extension>
        <extension url="http://hl7.org.nz/fhir/StructureDefinition/nzeps-force-notification">
          <valueBoolean value="false"/>
        </extension>
        <extension url="http://hl7.org.nz/fhir/StructureDefinition/nzeps-notify">
          <valueBoolean value="false"/>
        </extension>
        <identifier>
          <system value="https://standards.digital.health.nz/ns/nzeps-scid-item-id"/>
          <value value="1TNQ01Y87NRQ604379-1"/>
        </identifier>
        <status value="completed"/>
        <intent value="order"/>
        <medicationCodeableConcept>
          <coding>
            <system value="http://nzmt.org.nz"/>
            <code value="10395031000116107"/>
            <display value="Atorvastatin 20mg Tablets"/>
          </coding>
        </medicationCodeableConcept>
        <subject>
          <reference value="Patient/ZZZ0008"/>
          <type value="Patient"/>
          <identifier>
            <system value="https://standards.digital.health.nz/ns/nhi-id"/>
            <value value="ZZZ0008"/>
          </identifier>
          <display value="Mr Test Patient | Male | 2001-01-01"/>
        </subject>
        <supportingInformation>
          <reference value="Location/35cfe0b2-b855-482c-a565-f281d2efc111"/>
          <type value="Location"/>
          <display value="Morvern Medical Centre"/>
        </supportingInformation>
        <authoredOn value="2021-11-01T16:24:34+00:00"/>
        <requester>
          <reference value="Practitioner/52049"/>
          <type value="Practitioner"/>
          <identifier>
            <system value="https://standards.digital.health.nz/ns/hpi-person-id"/>
            <value value="52049"/>
          </identifier>
          <display value="Dr Marrisa Abdullah | Doctor | 52049"/>
        </requester>
        <recorder>
          <reference value="Practitioner/5695b4b8-d565-417a-b5e2-f33c4b8b7b8b"/>
          <type value="Practitioner"/>
          <display value="Rudy Blair"/>
        </recorder>
        <dosageInstruction>
          <sequence value="1"/>
          <route>
            <coding>
              <system value="http://terminology.hl7.org/CodeSystem/v3-RouteOfAdministration"/>
            </coding>
          </route>
          <doseAndRate>
            <type>
              <coding>
                <system value="http://terminology.hl7.org/CodeSystem/dose-rate-type"/>
                <code value="ordered"/>
                <display value="Ordered"/>
              </coding>
            </type>
          </doseAndRate>
        </dosageInstruction>
        <dispenseRequest>
          <numberOfRepeatsAllowed value="0"/>
          <quantity>
            <value value="30"/>
            <unit value="Tablets"/>
          </quantity>
        </dispenseRequest>
        <substitution>
          <allowedBoolean value="true"/>
        </substitution>
      </MedicationRequest>
    </resource>
    <search>
      <mode value="match"/>
    </search>
  </entry>
  <entry>
    <fullUrl value="https://preprod-apibroker.whanautahi.com/mdr/fhir/MedicationRequest/1TNQ01NGG84835CN4A-1"/>
    <resource>
      <MedicationRequest>
        <id value="1TNQ01NGG84835CN4A-1"/>
        <meta>
          <versionId value="1"/>
          <lastUpdated value="2021-10-29T04:06:43.38+00:00"/>
          <source value="177ce839-9cb6-43c4-827b-a8cec0de5a47"/>
          <security>
            <system value="http://terminology.hl7.org/CodeSystem/v3-Confidentiality"/>
            <code value="U"/>
            <display value="unrestricted"/>
          </security>
        </meta>
        <text>
          <status value="extensions"/><div xmlns="http://www.w3.org/1999/xhtml"><p><b>Generated Narrative: MedicationRequest</b><a name="1TNQ01NGG84835CN4A-1"> </a></p><div style="display: inline-block; background-color: #d9e0e7; padding: 6px; margin: 4px; border: 1px solid #8da1b4; border-radius: 5px; line-height: 60%"><p style="margin-bottom: 0px">Resource MedicationRequest &quot;1TNQ01NGG84835CN4A-1&quot; Version &quot;1&quot; Updated &quot;2021-10-29 04:06:43+0000&quot; </p><p style="margin-bottom: 0px">Information Source: 177ce839-9cb6-43c4-827b-a8cec0de5a47!</p><p style="margin-bottom: 0px">Security Labels: <span title="{http://terminology.hl7.org/CodeSystem/v3-Confidentiality http://terminology.hl7.org/CodeSystem/v3-Confidentiality}">http://terminology.hl7.org/CodeSystem/v3-Confidentiality</span></p></div><p><b>NZePS Status Type</b>: Valid</p><p><b>NZePS Medication Action Type</b>: None</p><blockquote><p><b>NZePS Endorsement</b></p><blockquote><p><b>url</b></p><code>endorsementType</code></blockquote><p><b>value</b>: Certified Condition <span style="background: LightGoldenRodYellow; margin: 4px; border: 1px solid khaki"> (nzeps-endorsement-type#CERTCOND)</span></p><blockquote><p><b>url</b></p><code>endorsementValue</code></blockquote><p><b>value</b>: Yes</p></blockquote><p><b>NZePS Patient Instructions Modification Indicator</b>: false</p><p><b>NZePS Long Term Medication Indicator</b>: false</p><p><b>NZePS Patient Medication Modification Indicator</b>: false</p><p><b>NZePS Unusual Dose Quantity Indicator</b>: false</p><p><b>NZePS Funding Category</b>: A4</p><p><b>NZePS Medication Claimable Indicator</b>: false</p><p><b>NZePS Private Item Indicator</b>: false</p><p><b>NZePS Force Notification Indicator</b>: false</p><p><b>NZePS Active Notification Indicator</b>: false</p><p><b>identifier</b>: <a href="NamingSystem-nzeps-scid-item-id.html" title="New Zealand ePrescription Service Script Identifier (SCID) and Item (Line) Number.">nzeps-scid-item-id</a>/1TNQ01NGG84835CN4A-1</p><p><b>status</b>: active</p><p><b>intent</b>: order</p><p><b>medication</b>: Paracetamol 500mg Tablets <span style="background: LightGoldenRodYellow; margin: 4px; border: 1px solid khaki"> (nzmt.org.nz#10037311000116101)</span></p><p><b>subject</b>: <a href="https://simplifier.net/resolve?scope=fhir.org.nz.ig.base@2.0.0&amp;canonical=http://fhir.org.nz/ig/base/Patient/ZZZ0008">Patient/ZZZ0008: Mr Test Patient | Male | 2001-01-01</a></p><p><b>supportingInformation</b>: <a href="https://simplifier.net/resolve?scope=fhir.org.nz.ig.base@2.0.0&amp;canonical=http://fhir.org.nz/ig/base/Location/cd23d6b3-6cdd-49d4-a30c-b2197d03045d">Location/cd23d6b3-6cdd-49d4-a30c-b2197d03045d: Westridge Medical Centre</a></p><p><b>authoredOn</b>: 2021-10-28 16:05:44+0000</p><p><b>requester</b>: <a href="https://simplifier.net/resolve?scope=fhir.org.nz.ig.base@2.0.0&amp;canonical=http://fhir.org.nz/ig/base/Practitioner/3072">Practitioner/3072: Dr Arick Abernathy | Doctor | 3072</a></p><p><b>recorder</b>: <a href="https://simplifier.net/resolve?scope=fhir.org.nz.ig.base@2.0.0&amp;canonical=http://fhir.org.nz/ig/base/Practitioner/5f5f7744-7e77-4387-a458-85177a477793">Practitioner/5f5f7744-7e77-4387-a458-85177a477793: Rudy Blair</a></p><blockquote><p><b>dosageInstruction</b></p><p><b>sequence</b>: 1</p><p><b>route</b>: null <span style="background: LightGoldenRodYellow; margin: 4px; border: 1px solid khaki"> (<a href="http://terminology.hl7.org/4.0.0/CodeSystem-v3-RouteOfAdministration.html">RouteOfAdministration</a>)</span></p><blockquote><p><b>doseAndRate</b></p></blockquote></blockquote><h3>DispenseRequests</h3><table class="grid"><tr><td style="display: none">-</td><td><b>NumberOfRepeatsAllowed</b></td><td><b>Quantity</b></td></tr><tr><td style="display: none">*</td><td>0</td><td>30 Tablets</td></tr></table><h3>Substitutions</h3><table class="grid"><tr><td style="display: none">-</td><td><b>Allowed[x]</b></td></tr><tr><td style="display: none">*</td><td>true</td></tr></table></div>
        </text>
        <extension url="http://hl7.org.nz/fhir/StructureDefinition/nzeps-status-type">
          <valueCode value="Valid"/>
        </extension>
        <extension url="http://hl7.org.nz/fhir/StructureDefinition/nzeps-medication-action">
          <valueCode value="None"/>
        </extension>
        <extension url="http://hl7.org.nz/fhir/StructureDefinition/nzeps-endorsement">
          <extension url="endorsementType">
            <valueCodeableConcept>
              <coding>
                <system value="http://hl7.org.nz/fhir/CodeSystem/nzeps-endorsement-type"/>
                <code value="CERTCOND"/>
                <display value="Certified Condition"/>
              </coding>
            </valueCodeableConcept>
          </extension>
          <extension url="endorsementValue">
            <valueString value="Yes"/>
          </extension>
        </extension>
        <extension url="http://hl7.org.nz/fhir/StructureDefinition/nzeps-instructions-modified">
          <valueBoolean value="false"/>
        </extension>
        <extension url="http://hl7.org.nz/fhir/StructureDefinition/nzeps-long-term-medication">
          <valueBoolean value="false"/>
        </extension>
        <extension url="http://hl7.org.nz/fhir/StructureDefinition/nzeps-medication-modified">
          <valueBoolean value="false"/>
        </extension>
        <extension url="http://hl7.org.nz/fhir/StructureDefinition/nzeps-unusual-dose-quantity">
          <valueBoolean value="false"/>
        </extension>
        <extension url="http://hl7.org.nz/fhir/StructureDefinition/nzeps-funding-category">
          <valueString value="A4"/>
        </extension>
        <extension url="http://hl7.org.nz/fhir/StructureDefinition/nzeps-medication-claimable">
          <valueBoolean value="false"/>
        </extension>
        <extension url="http://hl7.org.nz/fhir/StructureDefinition/nzeps-private-item">
          <valueBoolean value="false"/>
        </extension>
        <extension url="http://hl7.org.nz/fhir/StructureDefinition/nzeps-force-notification">
          <valueBoolean value="false"/>
        </extension>
        <extension url="http://hl7.org.nz/fhir/StructureDefinition/nzeps-notify">
          <valueBoolean value="false"/>
        </extension>
        <identifier>
          <system value="https://standards.digital.health.nz/ns/nzeps-scid-item-id"/>
          <value value="1TNQ01NGG84835CN4A-1"/>
        </identifier>
        <status value="active"/>
        <intent value="order"/>
        <medicationCodeableConcept>
          <coding>
            <system value="http://nzmt.org.nz"/>
            <code value="10037311000116101"/>
            <display value="Paracetamol 500mg Tablets"/>
          </coding>
        </medicationCodeableConcept>
        <subject>
          <reference value="Patient/ZZZ0008"/>
          <type value="Patient"/>
          <identifier>
            <system value="https://standards.digital.health.nz/ns/nhi-id"/>
            <value value="ZZZ0008"/>
          </identifier>
          <display value="Mr Test Patient | Male | 2001-01-01"/>
        </subject>
        <supportingInformation>
          <reference value="Location/cd23d6b3-6cdd-49d4-a30c-b2197d03045d"/>
          <type value="Location"/>
          <display value="Westridge Medical Centre"/>
        </supportingInformation>
        <authoredOn value="2021-10-28T16:05:44+00:00"/>
        <requester>
          <reference value="Practitioner/3072"/>
          <type value="Practitioner"/>
          <identifier>
            <system value="https://standards.digital.health.nz/ns/hpi-person-id"/>
            <value value="3072"/>
          </identifier>
          <display value="Dr Arick Abernathy | Doctor | 3072"/>
        </requester>
        <recorder>
          <reference value="Practitioner/5f5f7744-7e77-4387-a458-85177a477793"/>
          <type value="Practitioner"/>
          <display value="Rudy Blair"/>
        </recorder>
        <dosageInstruction>
          <sequence value="1"/>
          <route>
            <coding>
              <system value="http://terminology.hl7.org/CodeSystem/v3-RouteOfAdministration"/>
            </coding>
          </route>
          <doseAndRate>
            <type>
              <coding>
                <system value="http://terminology.hl7.org/CodeSystem/dose-rate-type"/>
                <code value="ordered"/>
                <display value="Ordered"/>
              </coding>
            </type>
          </doseAndRate>
        </dosageInstruction>
        <dispenseRequest>
          <numberOfRepeatsAllowed value="0"/>
          <quantity>
            <value value="30"/>
            <unit value="Tablets"/>
          </quantity>
        </dispenseRequest>
        <substitution>
          <allowedBoolean value="true"/>
        </substitution>
      </MedicationRequest>
    </resource>
    <search>
      <mode value="match"/>
    </search>
  </entry>
  <entry>
    <fullUrl value="https://preprod-apibroker.whanautahi.com/mdr/fhir/MedicationRequest/1TNQ0175YFGY9MTQY9-1"/>
    <resource>
      <MedicationRequest>
        <id value="1TNQ0175YFGY9MTQY9-1"/>
        <meta>
          <versionId value="1"/>
          <lastUpdated value="2021-10-29T04:11:31.996+00:00"/>
          <source value="07467c21-e500-4ce8-80fc-5018df76fe9b"/>
          <security>
            <system value="http://terminology.hl7.org/CodeSystem/v3-Confidentiality"/>
            <code value="U"/>
            <display value="unrestricted"/>
          </security>
        </meta>
        <text>
          <status value="extensions"/><div xmlns="http://www.w3.org/1999/xhtml"><p><b>Generated Narrative: MedicationRequest</b><a name="1TNQ0175YFGY9MTQY9-1"> </a></p><div style="display: inline-block; background-color: #d9e0e7; padding: 6px; margin: 4px; border: 1px solid #8da1b4; border-radius: 5px; line-height: 60%"><p style="margin-bottom: 0px">Resource MedicationRequest &quot;1TNQ0175YFGY9MTQY9-1&quot; Version &quot;1&quot; Updated &quot;2021-10-29 04:11:31+0000&quot; </p><p style="margin-bottom: 0px">Information Source: 07467c21-e500-4ce8-80fc-5018df76fe9b!</p><p style="margin-bottom: 0px">Security Labels: <span title="{http://terminology.hl7.org/CodeSystem/v3-Confidentiality http://terminology.hl7.org/CodeSystem/v3-Confidentiality}">http://terminology.hl7.org/CodeSystem/v3-Confidentiality</span></p></div><p><b>NZePS Status Type</b>: Valid</p><p><b>NZePS Medication Action Type</b>: None</p><p><b>NZePS Patient Instructions Modification Indicator</b>: false</p><p><b>NZePS Long Term Medication Indicator</b>: false</p><p><b>NZePS Patient Medication Modification Indicator</b>: false</p><p><b>NZePS Unusual Dose Quantity Indicator</b>: false</p><p><b>NZePS Funding Category</b>: A4</p><p><b>NZePS Medication Claimable Indicator</b>: false</p><p><b>NZePS Private Item Indicator</b>: false</p><p><b>NZePS Force Notification Indicator</b>: false</p><p><b>NZePS Active Notification Indicator</b>: false</p><p><b>identifier</b>: <a href="NamingSystem-nzeps-scid-item-id.html" title="New Zealand ePrescription Service Script Identifier (SCID) and Item (Line) Number.">nzeps-scid-item-id</a>/1TNQ0175YFGY9MTQY9-1</p><p><b>status</b>: active</p><p><b>intent</b>: order</p><p><b>medication</b>: Paracetamol 500mg Tablets <span style="background: LightGoldenRodYellow; margin: 4px; border: 1px solid khaki"> (nzmt.org.nz#10037311000116101)</span></p><p><b>subject</b>: <a href="https://simplifier.net/resolve?scope=fhir.org.nz.ig.base@2.0.0&amp;canonical=http://fhir.org.nz/ig/base/Patient/ZZZ0008">Patient/ZZZ0008: Mr Test Patient | Male | 2001-01-01</a></p><p><b>supportingInformation</b>: <a href="https://simplifier.net/resolve?scope=fhir.org.nz.ig.base@2.0.0&amp;canonical=http://fhir.org.nz/ig/base/Location/4bc0d179-3013-4154-87de-6188f277e685">Location/4bc0d179-3013-4154-87de-6188f277e685: Hythe Medical Centre</a></p><p><b>authoredOn</b>: 2021-10-28 16:08:32+0000</p><p><b>requester</b>: <a href="https://simplifier.net/resolve?scope=fhir.org.nz.ig.base@2.0.0&amp;canonical=http://fhir.org.nz/ig/base/Practitioner/20449">Practitioner/20449: Dr Tramel Pace | Doctor | 20449</a></p><p><b>recorder</b>: <a href="https://simplifier.net/resolve?scope=fhir.org.nz.ig.base@2.0.0&amp;canonical=http://fhir.org.nz/ig/base/Practitioner/94ef16a9-06f8-443f-b37b-c8935eaae79f">Practitioner/94ef16a9-06f8-443f-b37b-c8935eaae79f: Rudy Blair</a></p><blockquote><p><b>dosageInstruction</b></p><p><b>sequence</b>: 1</p><p><b>route</b>: null <span style="background: LightGoldenRodYellow; margin: 4px; border: 1px solid khaki"> (<a href="http://terminology.hl7.org/4.0.0/CodeSystem-v3-RouteOfAdministration.html">RouteOfAdministration</a>)</span></p><blockquote><p><b>doseAndRate</b></p></blockquote></blockquote><h3>DispenseRequests</h3><table class="grid"><tr><td style="display: none">-</td><td><b>NumberOfRepeatsAllowed</b></td><td><b>Quantity</b></td></tr><tr><td style="display: none">*</td><td>0</td><td>30 Tablets</td></tr></table><h3>Substitutions</h3><table class="grid"><tr><td style="display: none">-</td><td><b>Allowed[x]</b></td></tr><tr><td style="display: none">*</td><td>true</td></tr></table></div>
        </text>
        <extension url="http://hl7.org.nz/fhir/StructureDefinition/nzeps-status-type">
          <valueCode value="Valid"/>
        </extension>
        <extension url="http://hl7.org.nz/fhir/StructureDefinition/nzeps-medication-action">
          <valueCode value="None"/>
        </extension>
        <extension url="http://hl7.org.nz/fhir/StructureDefinition/nzeps-instructions-modified">
          <valueBoolean value="false"/>
        </extension>
        <extension url="http://hl7.org.nz/fhir/StructureDefinition/nzeps-long-term-medication">
          <valueBoolean value="false"/>
        </extension>
        <extension url="http://hl7.org.nz/fhir/StructureDefinition/nzeps-medication-modified">
          <valueBoolean value="false"/>
        </extension>
        <extension url="http://hl7.org.nz/fhir/StructureDefinition/nzeps-unusual-dose-quantity">
          <valueBoolean value="false"/>
        </extension>
        <extension url="http://hl7.org.nz/fhir/StructureDefinition/nzeps-funding-category">
          <valueString value="A4"/>
        </extension>
        <extension url="http://hl7.org.nz/fhir/StructureDefinition/nzeps-medication-claimable">
          <valueBoolean value="false"/>
        </extension>
        <extension url="http://hl7.org.nz/fhir/StructureDefinition/nzeps-private-item">
          <valueBoolean value="false"/>
        </extension>
        <extension url="http://hl7.org.nz/fhir/StructureDefinition/nzeps-force-notification">
          <valueBoolean value="false"/>
        </extension>
        <extension url="http://hl7.org.nz/fhir/StructureDefinition/nzeps-notify">
          <valueBoolean value="false"/>
        </extension>
        <identifier>
          <system value="https://standards.digital.health.nz/ns/nzeps-scid-item-id"/>
          <value value="1TNQ0175YFGY9MTQY9-1"/>
        </identifier>
        <status value="active"/>
        <intent value="order"/>
        <medicationCodeableConcept>
          <coding>
            <system value="http://nzmt.org.nz"/>
            <code value="10037311000116101"/>
            <display value="Paracetamol 500mg Tablets"/>
          </coding>
        </medicationCodeableConcept>
        <subject>
          <reference value="Patient/ZZZ0008"/>
          <type value="Patient"/>
          <identifier>
            <system value="https://standards.digital.health.nz/ns/nhi-id"/>
            <value value="ZZZ0008"/>
          </identifier>
          <display value="Mr Test Patient | Male | 2001-01-01"/>
        </subject>
        <supportingInformation>
          <reference value="Location/4bc0d179-3013-4154-87de-6188f277e685"/>
          <type value="Location"/>
          <display value="Hythe Medical Centre"/>
        </supportingInformation>
        <authoredOn value="2021-10-28T16:08:32+00:00"/>
        <requester>
          <reference value="Practitioner/20449"/>
          <type value="Practitioner"/>
          <identifier>
            <system value="https://standards.digital.health.nz/ns/hpi-person-id"/>
            <value value="20449"/>
          </identifier>
          <display value="Dr Tramel Pace | Doctor | 20449"/>
        </requester>
        <recorder>
          <reference value="Practitioner/94ef16a9-06f8-443f-b37b-c8935eaae79f"/>
          <type value="Practitioner"/>
          <display value="Rudy Blair"/>
        </recorder>
        <dosageInstruction>
          <sequence value="1"/>
          <route>
            <coding>
              <system value="http://terminology.hl7.org/CodeSystem/v3-RouteOfAdministration"/>
            </coding>
          </route>
          <doseAndRate>
            <type>
              <coding>
                <system value="http://terminology.hl7.org/CodeSystem/dose-rate-type"/>
                <code value="ordered"/>
                <display value="Ordered"/>
              </coding>
            </type>
          </doseAndRate>
        </dosageInstruction>
        <dispenseRequest>
          <numberOfRepeatsAllowed value="0"/>
          <quantity>
            <value value="30"/>
            <unit value="Tablets"/>
          </quantity>
        </dispenseRequest>
        <substitution>
          <allowedBoolean value="true"/>
        </substitution>
      </MedicationRequest>
    </resource>
    <search>
      <mode value="match"/>
    </search>
  </entry>
</Bundle>