[
  {
    "id": "NzepsMedicationDispense",
    "type": "StructureDefinition",
    "url": "http://hl7.org.nz/fhir/StructureDefinition/NzepsMedicationDispense",
    "version": "0.1.0",
    "name": "NzepsMedicationDispense"
  },
  {
    "id": "NzepsMedicationRequest",
    "type": "StructureDefinition",
    "url": "http://hl7.org.nz/fhir/StructureDefinition/NzepsMedicationRequest",
    "version": "0.1.0",
    "name": "NzepsMedicationRequest"
  },
  {
    "id": "hl7.org.nz.fhir.ig.mdr",
    "type": "ImplementationGuide",
    "url": "http://hl7.org.nz/fhir/ig/mdr/ImplementationGuide/hl7.org.nz.fhir.ig.mdr",
    "version": "0.1.0",
    "name": "MedicinesDataRepository"
  },
  {
    "id": "bodyweight",
    "type": "StructureDefinition",
    "url": "http://hl7.org.nz/fhir/ig/mdr/StructureDefinition/bodyweight",
    "version": "0.1.0",
    "name": "observation-bodyweight"
  },
  {
    "id": "nzeps-endorsement",
    "type": "StructureDefinition",
    "url": "http://hl7.org.nz/fhir/ig/mdr/StructureDefinition/nzeps-endorsement",
    "version": "0.1.0",
    "name": "NzEpsEndorsement"
  },
  {
    "id": "nzeps-force-notification",
    "type": "StructureDefinition",
    "url": "http://hl7.org.nz/fhir/ig/mdr/StructureDefinition/nzeps-force-notification",
    "version": "0.1.0",
    "name": "NzEpsForceNotification"
  },
  {
    "id": "nzeps-funding-category",
    "type": "StructureDefinition",
    "url": "http://hl7.org.nz/fhir/ig/mdr/StructureDefinition/nzeps-funding-category",
    "version": "0.1.0",
    "name": "NzEpsFundingCategory"
  },
  {
    "id": "nzeps-instructions-modified",
    "type": "StructureDefinition",
    "url": "http://hl7.org.nz/fhir/ig/mdr/StructureDefinition/nzeps-instructions-modified",
    "version": "0.1.0",
    "name": "NzEpsInstructionsModified"
  },
  {
    "id": "nzeps-long-term-medication",
    "type": "StructureDefinition",
    "url": "http://hl7.org.nz/fhir/ig/mdr/StructureDefinition/nzeps-long-term-medication",
    "version": "0.1.0",
    "name": "NzEpsLongTermMedication"
  },
  {
    "id": "nzeps-medication-action",
    "type": "StructureDefinition",
    "url": "http://hl7.org.nz/fhir/ig/mdr/StructureDefinition/nzeps-medication-action",
    "version": "0.1.0",
    "name": "NzEpsMedicationAction"
  },
  {
    "id": "nzeps-medication-claimable",
    "type": "StructureDefinition",
    "url": "http://hl7.org.nz/fhir/ig/mdr/StructureDefinition/nzeps-medication-claimable",
    "version": "0.1.0",
    "name": "NzEpsMedicationClaimable"
  },
  {
    "id": "nzeps-medication-copayment-paid",
    "type": "StructureDefinition",
    "url": "http://hl7.org.nz/fhir/ig/mdr/StructureDefinition/nzeps-medication-copayment-paid",
    "version": "0.1.0",
    "name": "NzEpsMedicationCopaymentPaid"
  },
  {
    "id": "nzeps-medication-modified",
    "type": "StructureDefinition",
    "url": "http://hl7.org.nz/fhir/ig/mdr/StructureDefinition/nzeps-medication-modified",
    "version": "0.1.0",
    "name": "NzEpsMedicationModified"
  },
  {
    "id": "nzeps-notify",
    "type": "StructureDefinition",
    "url": "http://hl7.org.nz/fhir/ig/mdr/StructureDefinition/nzeps-notify",
    "version": "0.1.0",
    "name": "NzEpsNotify"
  },
  {
    "id": "nzeps-pharmacy-approval-original",
    "type": "StructureDefinition",
    "url": "http://hl7.org.nz/fhir/ig/mdr/StructureDefinition/nzeps-pharmacy-approval-original",
    "version": "0.1.0",
    "name": "NzEpsPharmacyApprovalOriginal"
  },
  {
    "id": "nzeps-private-item",
    "type": "StructureDefinition",
    "url": "http://hl7.org.nz/fhir/ig/mdr/StructureDefinition/nzeps-private-item",
    "version": "0.1.0",
    "name": "NzEpsPrivateItem"
  },
  {
    "id": "nzeps-scriptno-local",
    "type": "StructureDefinition",
    "url": "http://hl7.org.nz/fhir/ig/mdr/StructureDefinition/nzeps-scriptno-local",
    "version": "0.1.0",
    "name": "NzEpsScriptnoLocal"
  },
  {
    "id": "nzeps-status-type",
    "type": "StructureDefinition",
    "url": "http://hl7.org.nz/fhir/ig/mdr/StructureDefinition/nzeps-status-type",
    "version": "0.1.0",
    "name": "NzEpsStatusType"
  },
  {
    "id": "nzeps-supply-period-reason",
    "type": "StructureDefinition",
    "url": "http://hl7.org.nz/fhir/ig/mdr/StructureDefinition/nzeps-supply-period-reason",
    "version": "0.1.0",
    "name": "NzEpsSupplyPeriodReason"
  },
  {
    "id": "nzeps-trial-period-reason",
    "type": "StructureDefinition",
    "url": "http://hl7.org.nz/fhir/ig/mdr/StructureDefinition/nzeps-trial-period-reason",
    "version": "0.1.0",
    "name": "nzeps-trial-period-reason"
  },
  {
    "id": "nzeps-unsigned-rejection-reason",
    "type": "StructureDefinition",
    "url": "http://hl7.org.nz/fhir/ig/mdr/StructureDefinition/nzeps-unsigned-rejection-reason",
    "version": "0.1.0",
    "name": "NzEpsUnsignedRejectionReason"
  },
  {
    "id": "nzeps-unusual-dose-quantity",
    "type": "StructureDefinition",
    "url": "http://hl7.org.nz/fhir/ig/mdr/StructureDefinition/nzeps-unusual-dose-quantity",
    "version": "0.1.0",
    "name": "NzEpsUnusualDoseQuantity"
  },
  {
    "id": "nzeps-use-generic-name",
    "type": "StructureDefinition",
    "url": "http://hl7.org.nz/fhir/ig/mdr/StructureDefinition/nzeps-use-generic-name",
    "version": "0.1.0",
    "name": "NzEpsUseGenericName"
  },
  {
    "id": "NZ-MDR",
    "type": "CapabilityStatement",
    "url": "https://apibroker.whanautahi.com/mdr/fhir/metadata",
    "version": "0.1.0",
    "name": "NZ_MDR"
  }
]