[
  {
    "id" : "nzf-nzmt-type-search-parameter",
    "type" : "SearchParameter",
    "url" : "http://hl7.org.nz/fhir/SearchParameter/nzf-nzmt-type-search-parameter",
    "version" : "0.1.0",
    "name" : "NzmtType"
  },
  {
    "id" : "NzepsMedication",
    "type" : "StructureDefinition",
    "url" : "http://hl7.org.nz/fhir/StructureDefinition/NzepsMedication",
    "version" : "0.1.0",
    "name" : "NzepsMedication"
  },
  {
    "id" : "NzepsMedicationDispense",
    "type" : "StructureDefinition",
    "url" : "http://hl7.org.nz/fhir/StructureDefinition/NzepsMedicationDispense",
    "version" : "0.1.0",
    "name" : "NzepsMedicationDispense"
  },
  {
    "id" : "NzepsMedicationRequest",
    "type" : "StructureDefinition",
    "url" : "http://hl7.org.nz/fhir/StructureDefinition/NzepsMedicationRequest",
    "version" : "0.1.0",
    "name" : "NzepsMedicationRequest"
  },
  {
    "id" : "nzeps-endorsement",
    "type" : "StructureDefinition",
    "url" : "http://hl7.org.nz/fhir/StructureDefinition/nzeps-endorsement",
    "version" : "0.1.0",
    "name" : "NzepsEndorsement"
  },
  {
    "id" : "nzeps-force-notification",
    "type" : "StructureDefinition",
    "url" : "http://hl7.org.nz/fhir/StructureDefinition/nzeps-force-notification",
    "version" : "0.1.0",
    "name" : "NzepsForceNotification"
  },
  {
    "id" : "nzeps-funding-category",
    "type" : "StructureDefinition",
    "url" : "http://hl7.org.nz/fhir/StructureDefinition/nzeps-funding-category",
    "version" : "0.1.0",
    "name" : "NzepsFundingCategory"
  },
  {
    "id" : "nzeps-instructions-modified",
    "type" : "StructureDefinition",
    "url" : "http://hl7.org.nz/fhir/StructureDefinition/nzeps-instructions-modified",
    "version" : "0.1.0",
    "name" : "NzepsInstructionsModified"
  },
  {
    "id" : "nzeps-long-term-medication",
    "type" : "StructureDefinition",
    "url" : "http://hl7.org.nz/fhir/StructureDefinition/nzeps-long-term-medication",
    "version" : "0.1.0",
    "name" : "NzepsLongTermMedication"
  },
  {
    "id" : "nzeps-medication-action",
    "type" : "StructureDefinition",
    "url" : "http://hl7.org.nz/fhir/StructureDefinition/nzeps-medication-action",
    "version" : "0.1.0",
    "name" : "NzepsMedicationAction"
  },
  {
    "id" : "nzeps-medication-claimable",
    "type" : "StructureDefinition",
    "url" : "http://hl7.org.nz/fhir/StructureDefinition/nzeps-medication-claimable",
    "version" : "0.1.0",
    "name" : "NzepsMedicationClaimable"
  },
  {
    "id" : "nzeps-medication-copayment-paid",
    "type" : "StructureDefinition",
    "url" : "http://hl7.org.nz/fhir/StructureDefinition/nzeps-medication-copayment-paid",
    "version" : "0.1.0",
    "name" : "NzepsMedicationCopaymentPaid"
  },
  {
    "id" : "nzeps-medication-modified",
    "type" : "StructureDefinition",
    "url" : "http://hl7.org.nz/fhir/StructureDefinition/nzeps-medication-modified",
    "version" : "0.1.0",
    "name" : "NzepsMedicationModified"
  },
  {
    "id" : "nzeps-notify",
    "type" : "StructureDefinition",
    "url" : "http://hl7.org.nz/fhir/StructureDefinition/nzeps-notify",
    "version" : "0.1.0",
    "name" : "NzepsNotify"
  },
  {
    "id" : "nzeps-pharmacy-approval-original",
    "type" : "StructureDefinition",
    "url" : "http://hl7.org.nz/fhir/StructureDefinition/nzeps-pharmacy-approval-original",
    "version" : "0.1.0",
    "name" : "NzepsPharmacyApprovalOriginal"
  },
  {
    "id" : "nzeps-private-item",
    "type" : "StructureDefinition",
    "url" : "http://hl7.org.nz/fhir/StructureDefinition/nzeps-private-item",
    "version" : "0.1.0",
    "name" : "NzepsPrivateItem"
  },
  {
    "id" : "nzeps-scriptno-local",
    "type" : "StructureDefinition",
    "url" : "http://hl7.org.nz/fhir/StructureDefinition/nzeps-scriptno-local",
    "version" : "0.1.0",
    "name" : "NzepsScriptnoLocal"
  },
  {
    "id" : "nzeps-status-type",
    "type" : "StructureDefinition",
    "url" : "http://hl7.org.nz/fhir/StructureDefinition/nzeps-status-type",
    "version" : "0.1.0",
    "name" : "NzepsStatusType"
  },
  {
    "id" : "nzeps-supply-period-reason",
    "type" : "StructureDefinition",
    "url" : "http://hl7.org.nz/fhir/StructureDefinition/nzeps-supply-period-reason",
    "version" : "0.1.0",
    "name" : "NzepsSupplyPeriodReason"
  },
  {
    "id" : "nzeps-trial-period-reason",
    "type" : "StructureDefinition",
    "url" : "http://hl7.org.nz/fhir/StructureDefinition/nzeps-trial-period-reason",
    "version" : "0.1.0",
    "name" : "NzepsTrialPeriodReason"
  },
  {
    "id" : "nzeps-unsigned-rejection-reason",
    "type" : "StructureDefinition",
    "url" : "http://hl7.org.nz/fhir/StructureDefinition/nzeps-unsigned-rejection-reason",
    "version" : "0.1.0",
    "name" : "NzepsUnsignedRejectionReason"
  },
  {
    "id" : "nzeps-unusual-dose-quantity",
    "type" : "StructureDefinition",
    "url" : "http://hl7.org.nz/fhir/StructureDefinition/nzeps-unusual-dose-quantity",
    "version" : "0.1.0",
    "name" : "NzepsUnusualDoseQuantity"
  },
  {
    "id" : "nzeps-use-generic-name",
    "type" : "StructureDefinition",
    "url" : "http://hl7.org.nz/fhir/StructureDefinition/nzeps-use-generic-name",
    "version" : "0.1.0",
    "name" : "NzepsUseGenericName"
  },
  {
    "id" : "hl7.org.nz.fhir.ig.mdr",
    "type" : "ImplementationGuide",
    "url" : "http://hl7.org.nz/fhir/ig/mdr/ImplementationGuide/hl7.org.nz.fhir.ig.mdr",
    "version" : "0.1.0",
    "name" : "MedicinesDataRepository"
  },
  {
    "id" : "nzeps-batch-id",
    "type" : "NamingSystem",
    "url" : "http://hl7.org.nz/fhir/ig/mdr/NamingSystem/nzeps-batch-id",
    "version" : "0.1.0",
    "name" : "nzeps-batch-id"
  },
  {
    "id" : "nzeps-scid-item-id",
    "type" : "NamingSystem",
    "url" : "http://hl7.org.nz/fhir/ig/mdr/NamingSystem/nzeps-scid-item-id",
    "version" : "0.1.0",
    "name" : "nzeps-scid-item-id"
  },
  {
    "id" : "nzmt",
    "type" : "NamingSystem",
    "url" : "http://hl7.org.nz/fhir/ig/mdr/NamingSystem/nzmt",
    "version" : "0.1.0",
    "name" : "nzmt"
  },
  {
    "id" : "bodyweight",
    "type" : "StructureDefinition",
    "url" : "http://hl7.org.nz/fhir/ig/mdr/StructureDefinition/bodyweight",
    "version" : "0.1.0",
    "name" : "ObservationBodyweight"
  },
  {
    "id" : "ProviderCapabilityStatement",
    "type" : "CapabilityStatement",
    "url" : "https://apibroker.whanautahi.com/mdr/fhir/metadata",
    "version" : "0.1.0",
    "name" : "NZ_MDR"
  },
  {
    "id" : "ConsumerCapabliityStatement",
    "type" : "CapabilityStatement",
    "url" : "https://preprod-apibroker.whanautahi.com/mcv/fhir/metadata",
    "version" : "0.1.0",
    "name" : "NZ_MDR"
  }
]
