<?xml version="1.0" encoding="UTF-8"?>

<CapabilityStatement xmlns="http://hl7.org/fhir">
  <id value="ConsumerCapabliityStatement"/>
  <text>
    <status value="extensions"/><div xmlns="http://www.w3.org/1999/xhtml">Placeholder</div>
  </text>
  <url value="https://preprod-apibroker.whanautahi.com/mcv/fhir/metadata"/>
  <version value="0.1.0"/>
  <name value="NZ_MDR"/>
  <title value="Medicines Data Repository FHIR Server"/>
  <status value="draft"/>
  <experimental value="true"/>
  <date value="2023-02-24T01:15:23.3688326Z"/>
  <publisher value="Te Whatu Ora"/>
  <contact>
    <name value="Te Whatu Ora"/>
    <telecom>
      <system value="url"/>
      <value value="https://tewhatuora.govt.nz"/>
    </telecom>
    <telecom>
      <system value="email"/>
      <value value="mailto:integration@health.govt.nz"/>
    </telecom>
  </contact>
  <description value="MDR Consumer View Capability Statement"/>
  <kind value="capability"/>
  <software>
    <name value="Medicines Consumer View FHIR API"/>
    <version value="1.0.0.0"/>
  </software>
  <fhirVersion value="4.0.1"/>
  <format value="application/fhir+json"/>
  <rest>
    <mode value="server"/>
    <security>
      <service>
        <coding>
          <system value="http://terminology.hl7.org/CodeSystem/restful-security-service"/>
          <code value="OAuth"/>
        </coding>
      </service>
      <description value="Supports OAuth 2.0 - Client Credential flow. [OAuth token endpoint] (https://login.microsoftonline.com/7a71250a-e506-4080-8e6a-ae1e8a771e22/oauth2/v2.0/token)"/>
    </security>
    <resource>
      <type value="MedicationRequest"/>
      <profile value="http://hl7.org/fhir/StructureDefinition/MedicationRequest"/>
      <interaction>
        <code value="read"/>
      </interaction>
      <versioning value="no-version"/>
      <readHistory value="false"/>
      <updateCreate value="false"/>
      <conditionalCreate value="false"/>
      <conditionalRead value="not-supported"/>
      <conditionalUpdate value="false"/>
      <conditionalDelete value="not-supported"/>
      <referencePolicy value="literal"/>
      <referencePolicy value="local"/>
      <searchInclude value="MedicationRequest:medication"/>
      <searchRevInclude value="MedicationDispense:prescription"/>
      <searchParam>
        <name value="_lastUpdated"/>
        <definition value="http://hl7.org/fhir/SearchParameter/Resource-lastUpdated"/>
        <type value="date"/>
        <documentation value="When the resource version last changed (use format yyyy-mm-ddThh:mm:ssZ)"/>
      </searchParam>
      <searchParam>
        <name value="_security"/>
        <definition value="http://hl7.org/fhir/SearchParameter/Resource-security"/>
        <type value="token"/>
        <documentation value="Security Labels applied to this resource"/>
      </searchParam>
      <searchParam>
        <name value="status"/>
        <definition value="http://hl7.org/fhir/SearchParameter/medications-status"/>
        <type value="token"/>
        <documentation value="Status of the prescription"/>
      </searchParam>
      <searchParam>
        <name value="authoredon"/>
        <definition value="http://hl7.org/fhir/SearchParameter/MedicationRequest-authoredon"/>
        <type value="date"/>
        <documentation value="Return prescriptions written on this date (use format yyyy-mm-ddThh:mm:ssZ)"/>
      </searchParam>
      <searchParam>
        <name value="patient"/>
        <definition value="http://hl7.org/fhir/SearchParameter/clinical-patient"/>
        <type value="reference"/>
        <documentation value="Returns prescriptions for a specific patient (NHI)"/>
      </searchParam>
    </resource>
    <resource>
      <type value="MedicationDispense"/>
      <profile value="http://hl7.org/fhir/StructureDefinition/MedicationDispense"/>
      <interaction>
        <code value="read"/>
      </interaction>
      <versioning value="no-version"/>
      <readHistory value="false"/>
      <updateCreate value="false"/>
      <conditionalCreate value="false"/>
      <conditionalRead value="not-supported"/>
      <conditionalUpdate value="false"/>
      <conditionalDelete value="not-supported"/>
      <referencePolicy value="literal"/>
      <referencePolicy value="local"/>
      <searchInclude value="MedicationDispense:prescription"/>
      <searchInclude value="MedicationDispense:medication"/>
      <searchParam>
        <name value="_lastUpdated"/>
        <definition value="http://hl7.org/fhir/SearchParameter/Resource-lastUpdated"/>
        <type value="date"/>
        <documentation value="When the resource version last changed (use format yyyy-mm-ddThh:mm:ssZ)"/>
      </searchParam>
      <searchParam>
        <name value="_security"/>
        <definition value="http://hl7.org/fhir/SearchParameter/Resource-security"/>
        <type value="token"/>
        <documentation value="Security Labels applied to this resource"/>
      </searchParam>
      <searchParam>
        <name value="patient"/>
        <definition value="http://hl7.org/fhir/SearchParameter/clinical-patient"/>
        <type value="reference"/>
        <documentation value="The identity of a patient to list dispenses  for (NHI)"/>
      </searchParam>
      <searchParam>
        <name value="whenprepared"/>
        <definition value="http://hl7.org/fhir/SearchParameter/MedicationDispense-whenprepared"/>
        <type value="date"/>
        <documentation value="Returns dispenses prepared on this date (use format yyyy-mm-ddThh:mm:ssZ)"/>
      </searchParam>
      <searchParam>
        <name value="whenhandedover"/>
        <definition value="http://hl7.org/fhir/SearchParameter/MedicationDispense-whenhandedover"/>
        <type value="date"/>
        <documentation value="Returns dispenses handed over on this date (use format yyyy-mm-ddThh:mm:ssZ)"/>
      </searchParam>
      <searchParam>
        <name value="status"/>
        <definition value="http://hl7.org/fhir/SearchParameter/medications-status"/>
        <type value="token"/>
        <documentation value="Returns dispenses with a specified dispense status"/>
      </searchParam>
    </resource>
    <resource>
      <type value="Medication"/>
      <profile value="http://hl7.org/fhir/StructureDefinition/Medication"/>
      <interaction>
        <code value="read"/>
      </interaction>
      <versioning value="no-version"/>
      <readHistory value="false"/>
      <updateCreate value="false"/>
      <conditionalCreate value="false"/>
      <conditionalRead value="not-supported"/>
      <conditionalUpdate value="false"/>
      <conditionalDelete value="not-supported"/>
      <searchParam>
        <name value="code"/>
        <definition value="http://hl7.org/fhir/SearchParameter/clinical-code"/>
        <type value="token"/>
        <documentation value="Returns medications for this code (NZULM)"/>
      </searchParam>
      <searchParam>
        <name value="_id"/>
        <definition value="http://hl7.org/fhir/SearchParameter/Resource-id"/>
        <type value="token"/>
        <documentation value="Logical id of this artifact (NZULM)"/>
      </searchParam>
    </resource>
    <searchParam>
      <name value="_count"/>
      <type value="number"/>
      <documentation value="How many resources to return"/>
    </searchParam>
    <searchParam>
      <name value="_sort"/>
      <type value="token"/>
      <documentation value="How to sort the resources when returning"/>
    </searchParam>
    <searchParam>
      <name value="_total"/>
      <type value="number"/>
      <documentation value="Include number of resources that match the search parameters; Only Partial support available (_total=none and _total=accurate)"/>
    </searchParam>
    <searchParam>
      <name value="_elements"/>
      <type value="string"/>
      <documentation value="What kind of information to return"/>
    </searchParam>
  </rest>
</CapabilityStatement>