{
  "resourceType" : "CapabilityStatement",
  "id" : "ProviderCapabilityStatement",
  "text" : {
    "status" : "extensions",
    "div" : "<div xmlns=\"http://www.w3.org/1999/xhtml\"><h2>NZ_MDR</h2><div><p>MDR Capability Statement</p>\n</div><table><tr><td>Mode</td><td>SERVER</td></tr><tr><td>Description</td><td/></tr><tr><td>Transaction</td><td></td></tr><tr><td>System History</td><td></td></tr><tr><td>System Search</td><td></td></tr></table><table><tr><th><b>Resource Type</b></th><th><b>Profile</b></th><th><b title=\"GET a resource (read interaction)\">Read</b></th><th><b title=\"GET all set of resources of the type (search interaction)\">Search</b></th><th><b title=\"PUT a new resource version (update interaction)\">Update</b></th><th><b title=\"POST a new resource (create interaction)\">Create</b></th></tr><tr><td>MedicationRequest</td><td><a href=\"http://hl7.org/fhir/StructureDefinition/MedicationRequest\">http://hl7.org/fhir/StructureDefinition/MedicationRequest</a></td><td>y</td><td></td><td></td><td></td></tr><tr><td>MedicationDispense</td><td><a href=\"http://hl7.org/fhir/StructureDefinition/MedicationDispense\">http://hl7.org/fhir/StructureDefinition/MedicationDispense</a></td><td>y</td><td></td><td></td><td></td></tr></table></div>"
  },
  "url" : "https://apibroker.whanautahi.com/mdr/fhir/metadata",
  "version" : "0.1.0",
  "name" : "NZ_MDR",
  "title" : "Medicines Data Repository FHIR Server",
  "status" : "draft",
  "experimental" : true,
  "date" : "2022-09-01T20:26:40.8906669Z",
  "publisher" : "Te Whatu Ora",
  "contact" : [{
    "name" : "Te Whatu Ora",
    "telecom" : [{
      "system" : "url",
      "value" : "https://tewhatuora.govt.nz"
    },
    {
      "system" : "email",
      "value" : "mailto:integration@health.govt.nz"
    }]
  }],
  "description" : "MDR Capability Statement",
  "kind" : "capability",
  "software" : {
    "name" : "Medicines Data Repository FHIR Proxy API",
    "version" : "1.0.0.0"
  },
  "fhirVersion" : "4.0.1",
  "format" : ["application/fhir+json"],
  "rest" : [{
    "mode" : "server",
    "security" : {
      "service" : [{
        "coding" : [{
          "system" : "http://terminology.hl7.org/CodeSystem/restful-security-service",
          "code" : "OAuth"
        }]
      }],
      "description" : "Supports OAuth 2.0 - Client Credential flow. [OAuth token endpoint] (https://login.microsoftonline.com/7a71250a-e506-4080-8e6a-ae1e8a771e22/oauth2/v2.0/token)"
    },
    "resource" : [{
      "type" : "MedicationRequest",
      "profile" : "http://hl7.org/fhir/StructureDefinition/MedicationRequest",
      "interaction" : [{
        "code" : "read"
      }],
      "versioning" : "no-version",
      "readHistory" : false,
      "updateCreate" : false,
      "conditionalCreate" : false,
      "conditionalRead" : "not-supported",
      "conditionalUpdate" : false,
      "conditionalDelete" : "not-supported",
      "referencePolicy" : ["literal",
      "local"],
      "searchRevInclude" : ["Observation:based-on",
      "MedicationDispense:prescription"],
      "searchParam" : [{
        "name" : "_id",
        "definition" : "http://hl7.org/fhir/SearchParameter/Resource-id",
        "type" : "token",
        "documentation" : "Logical id of this artifact"
      },
      {
        "name" : "identifier",
        "definition" : "http://hl7.org/fhir/SearchParameter/clinical-identifier",
        "type" : "token",
        "documentation" : "Return prescriptions with this external identifier (SCID Item Identifier)"
      },
      {
        "name" : "_lastUpdated",
        "definition" : "http://hl7.org/fhir/SearchParameter/Resource-lastUpdated",
        "type" : "date",
        "documentation" : "When the resource version last changed"
      },
      {
        "name" : "_security",
        "definition" : "http://hl7.org/fhir/SearchParameter/Resource-security",
        "type" : "token",
        "documentation" : "Security Labels applied to this resource"
      },
      {
        "name" : "code",
        "definition" : "http://hl7.org/fhir/SearchParameter/clinical-code",
        "type" : "token",
        "documentation" : "Return prescriptions of this medication code (NZULM)"
      },
      {
        "name" : "status",
        "definition" : "http://hl7.org/fhir/SearchParameter/medications-status",
        "type" : "token",
        "documentation" : "Status of the prescription"
      },
      {
        "name" : "authoredon",
        "definition" : "http://hl7.org/fhir/SearchParameter/MedicationRequest-authoredon",
        "type" : "date",
        "documentation" : "Return prescriptions written on this date"
      },
      {
        "name" : "patient",
        "definition" : "http://hl7.org/fhir/SearchParameter/clinical-patient",
        "type" : "reference",
        "documentation" : "Returns prescriptions for a specific patient (NHI)"
      },
      {
        "name" : "requester",
        "definition" : "http://hl7.org/fhir/SearchParameter/MedicationRequest-requester",
        "type" : "reference",
        "documentation" : "Returns prescriptions prescribed by this prescriber (CPN)"
      },
      {
        "name" : "location",
        "definition" : "https://apibroker.whanautahi.com/mdr/fhir/SearchParameter/MedicationRequest-location",
        "type" : "reference",
        "documentation" : "Returns prescriptions prescribed at the facility (HPI Facility ID)"
      }]
    },
    {
      "type" : "MedicationDispense",
      "profile" : "http://hl7.org/fhir/StructureDefinition/MedicationDispense",
      "interaction" : [{
        "code" : "read"
      }],
      "versioning" : "no-version",
      "readHistory" : false,
      "updateCreate" : false,
      "conditionalCreate" : false,
      "conditionalRead" : "not-supported",
      "conditionalUpdate" : false,
      "conditionalDelete" : "not-supported",
      "referencePolicy" : ["literal",
      "local"],
      "searchInclude" : ["MedicationDispense:prescription"],
      "searchParam" : [{
        "name" : "_id",
        "definition" : "http://hl7.org/fhir/SearchParameter/Resource-id",
        "type" : "token",
        "documentation" : "Logical id of this artifact"
      },
      {
        "name" : "identifier",
        "definition" : "http://hl7.org/fhir/SearchParameter/clinical-identifier",
        "type" : "token",
        "documentation" : "Returns dispenses with this external identifier (SCID Item Identifier)"
      },
      {
        "name" : "_lastUpdated",
        "definition" : "http://hl7.org/fhir/SearchParameter/Resource-lastUpdated",
        "type" : "date",
        "documentation" : "When the resource version last changed"
      },
      {
        "name" : "_security",
        "definition" : "http://hl7.org/fhir/SearchParameter/Resource-security",
        "type" : "token",
        "documentation" : "Security Labels applied to this resource"
      },
      {
        "name" : "code",
        "definition" : "http://hl7.org/fhir/SearchParameter/clinical-code",
        "type" : "token",
        "documentation" : "Returns dispenses of this medicine code (NZULM)"
      },
      {
        "name" : "patient",
        "definition" : "http://hl7.org/fhir/SearchParameter/clinical-patient",
        "type" : "reference",
        "documentation" : "The identity of a patient to list dispenses  for (NHI)"
      },
      {
        "name" : "location",
        "definition" : "https://apibroker.whanautahi.com/mdr/fhir/SearchParameter/MedicationDispense-location",
        "type" : "reference",
        "documentation" : "Returns dispenses performed at the principal physical location (HPI Facility ID)"
      },
      {
        "name" : "whenprepared",
        "definition" : "http://hl7.org/fhir/SearchParameter/MedicationDispense-whenprepared",
        "type" : "date",
        "documentation" : "Returns dispenses prepared on this date"
      },
      {
        "name" : "whenhandedover",
        "definition" : "http://hl7.org/fhir/SearchParameter/MedicationDispense-whenhandedover",
        "type" : "date",
        "documentation" : "Returns dispenses handed over on this date"
      },
      {
        "name" : "status",
        "definition" : "http://hl7.org/fhir/SearchParameter/medications-status",
        "type" : "token",
        "documentation" : "Returns dispenses with a specified dispense status"
      }]
    }],
    "searchParam" : [{
      "name" : "_count",
      "type" : "number",
      "documentation" : "How many resources to return"
    },
    {
      "name" : "_sort",
      "type" : "token",
      "documentation" : "How to sort the resources when returning"
    },
    {
      "name" : "_total",
      "type" : "number",
      "documentation" : "Include number of resources that match the search parameters; Only Partial support available (_total=none and _total=accurate)"
    },
    {
      "name" : "_elements",
      "type" : "string",
      "documentation" : "What kind of information to return"
    }]
  }]
}