{
  "resourceType" : "NamingSystem",
  "id" : "nzmt",
  "text" : {
    "status" : "generated",
    "div" : "<div xmlns=\"http://www.w3.org/1999/xhtml\"><h3>Summary</h3><table class=\"grid\"><tr><td>Defining URL</td><td>http://hl7.org.nz/fhir/ig/mdr/NamingSystem/nzmt</td></tr><tr><td>Version</td><td>0.1.0</td></tr><tr><td>Name</td><td>nzmt</td></tr><tr><td>Status</td><td>active</td></tr><tr><td>Definition</td><td><div><p>New Zealand Medicines Terminology</p>\n</div></td></tr><tr><td>Publisher</td><td>Te Whatu Ora</td></tr></table><h3>Identifiers</h3><table class=\"grid\"><tr><td><b>Type</b></td><td><b>Value</b></td><td><b>Preferred</b></td><td><b>Period</b></td><td><b>Comment</b></td></tr><tr><td>OID</td><td>2.16.840.1.113883.2.18.26</td><td/><td></td><td>This value is used in New Zealand CDA documents</td></tr><tr><td>URI</td><td>http://nzmt.org.nz</td><td>true</td><td>2018-01-01 --&gt; (ongoing)</td><td/></tr></table></div>"
  },
  "name" : "nzmt",
  "status" : "active",
  "kind" : "codesystem",
  "date" : "2018-01-01",
  "publisher" : "Te Whatu Ora",
  "contact" : [{
    "name" : "Te Whatu Ora",
    "telecom" : [{
      "system" : "url",
      "value" : "https://tewhatuora.govt.nz"
    },
    {
      "system" : "email",
      "value" : "mailto:integration@health.govt.nz"
    }]
  }],
  "responsible" : "Ministry of Health",
  "description" : "New Zealand Medicines Terminology",
  "jurisdiction" : [{
    "coding" : [{
      "system" : "urn:iso:std:iso:3166",
      "code" : "NZ"
    }]
  }],
  "usage" : "Used in New Zealand for uniquely identifying medications",
  "uniqueId" : [{
    "type" : "oid",
    "value" : "2.16.840.1.113883.2.18.26",
    "comment" : "This value is used in New Zealand CDA documents"
  },
  {
    "type" : "uri",
    "value" : "http://nzmt.org.nz",
    "preferred" : true,
    "period" : {
      "start" : "2018-01-01"
    }
  }]
}