<?xml version="1.0" encoding="UTF-8"?>

<NamingSystem xmlns="http://hl7.org/fhir">
  <id value="nzmt"/>
  <text>
    <status value="generated"/><div xmlns="http://www.w3.org/1999/xhtml">Placeholder</div>
  </text>
  <extension url="http://hl7.org/fhir/5.0/StructureDefinition/extension-NamingSystem.url">
    <valueUri value="http://hl7.org.nz/fhir/ig/mdr/NamingSystem/nzmt"/>
  </extension>
  <extension url="http://hl7.org/fhir/5.0/StructureDefinition/extension-NamingSystem.version">
    <valueString value="0.1.0"/>
  </extension>
  <name value="nzmt"/>
  <status value="active"/>
  <kind value="codesystem"/>
  <date value="2018-01-01"/>
  <publisher value="Te Whatu Ora"/>
  <contact>
    <name value="Te Whatu Ora"/>
    <telecom>
      <system value="url"/>
      <value value="https://tewhatuora.govt.nz"/>
    </telecom>
    <telecom>
      <system value="email"/>
      <value value="mailto:integration@health.govt.nz"/>
    </telecom>
  </contact>
  <responsible value="Ministry of Health"/>
  <description value="New Zealand Medicines Terminology"/>
  <jurisdiction>
    <coding>
      <system value="urn:iso:std:iso:3166"/>
      <code value="NZ"/>
    </coding>
  </jurisdiction>
  <usage value="Used in New Zealand for uniquely identifying medications"/>
  <uniqueId>
    <type value="oid"/>
    <value value="2.16.840.1.113883.2.18.26"/>
    <comment value="This value is used in New Zealand CDA documents"/>
  </uniqueId>
  <uniqueId>
    <type value="uri"/>
    <value value="http://nzmt.org.nz"/>
    <preferred value="true"/>
    <period>
      <start value="2018-01-01"/>
    </period>
  </uniqueId>
</NamingSystem>