{
  "resourceType" : "NamingSystem",
  "id" : "nzeps-batch-id",
  "text" : {
    "status" : "generated",
    "div" : "<div xmlns=\"http://www.w3.org/1999/xhtml\"><h3>Summary</h3><table class=\"grid\"><tr><td>Defining URL</td><td>http://hl7.org.nz/fhir/ig/mdr/NamingSystem/nzeps-batch-id</td></tr><tr><td>Version</td><td>0.1.0</td></tr><tr><td>Name</td><td>nzeps-batch-id</td></tr><tr><td>Status</td><td>active</td></tr><tr><td>Definition</td><td><div><p>New Zealand ePrescription Service Batch Number.</p>\n</div></td></tr><tr><td>Publisher</td><td>Te Whatu Ora</td></tr></table><h3>Identifiers</h3><table class=\"grid\"><tr><td><b>Type</b></td><td><b>Value</b></td><td><b>Preferred</b></td><td><b>Period</b></td><td><b>Comment</b></td></tr><tr><td>OID</td><td>2.16.840.1.113883.2.18.40</td><td/><td></td><td>This value is used in New Zealand CDA documents</td></tr><tr><td>URI</td><td>https://standards.digital.health.nz/ns/nzeps-batch-id</td><td>true</td><td>2020-04-20 --&gt; (ongoing)</td><td/></tr></table></div>"
  },
  "name" : "nzeps-batch-id",
  "status" : "active",
  "kind" : "identifier",
  "date" : "2020-04-20",
  "publisher" : "Te Whatu Ora",
  "contact" : [{
    "name" : "Te Whatu Ora",
    "telecom" : [{
      "system" : "url",
      "value" : "https://tewhatuora.govt.nz"
    },
    {
      "system" : "email",
      "value" : "mailto:integration@health.govt.nz"
    }]
  }],
  "responsible" : "New Zealand Health Information Standards Organisation (HISO)",
  "type" : {
    "coding" : [{
      "system" : "http://terminology.hl7.org/CodeSystem/v2-0203",
      "code" : "SNO",
      "display" : "Serial Number"
    }],
    "text" : "nzeps-batch"
  },
  "description" : "New Zealand ePrescription Service Batch Number.",
  "jurisdiction" : [{
    "coding" : [{
      "system" : "urn:iso:std:iso:3166",
      "code" : "NZ"
    }]
  }],
  "usage" : "New Zealand ePrescription Service (NZePS).",
  "uniqueId" : [{
    "type" : "oid",
    "value" : "2.16.840.1.113883.2.18.40",
    "comment" : "This value is used in New Zealand CDA documents"
  },
  {
    "type" : "uri",
    "value" : "https://standards.digital.health.nz/ns/nzeps-batch-id",
    "preferred" : true,
    "period" : {
      "start" : "2020-04-20"
    }
  }]
}