{
  "resourceType" : "NamingSystem",
  "id" : "nzeps-scid-item-id",
  "text" : {
    "status" : "generated",
    "div" : "<div xmlns=\"http://www.w3.org/1999/xhtml\">Placeholder</div>"
  },
  "extension" : [{
    "url" : "http://hl7.org/fhir/5.0/StructureDefinition/extension-NamingSystem.url",
    "valueUri" : "http://hl7.org.nz/fhir/ig/mdr/NamingSystem/nzeps-scid-item-id"
  },
  {
    "url" : "http://hl7.org/fhir/5.0/StructureDefinition/extension-NamingSystem.version",
    "valueString" : "0.1.0"
  }],
  "name" : "nzeps-scid-item-id",
  "status" : "active",
  "kind" : "identifier",
  "date" : "2020-04-20",
  "publisher" : "Te Whatu Ora",
  "contact" : [{
    "name" : "Te Whatu Ora",
    "telecom" : [{
      "system" : "url",
      "value" : "https://tewhatuora.govt.nz"
    },
    {
      "system" : "email",
      "value" : "mailto:integration@health.govt.nz"
    }]
  }],
  "responsible" : "New Zealand Health Information Standards Organisation (HISO)",
  "type" : {
    "coding" : [{
      "system" : "http://terminology.hl7.org/CodeSystem/v2-0203",
      "code" : "SNO",
      "display" : "Serial Number"
    }],
    "text" : "nzeps-scid-item"
  },
  "description" : "New Zealand ePrescription Service Script Identifier (SCID) and Item (Line) Number.",
  "jurisdiction" : [{
    "coding" : [{
      "system" : "urn:iso:std:iso:3166",
      "code" : "NZ"
    }]
  }],
  "usage" : "New Zealand ePrescription Service (NZePS)",
  "uniqueId" : [{
    "type" : "oid",
    "value" : "2.16.840.1.113883.2.18.36",
    "comment" : "This value is used in New Zealand CDA documents"
  },
  {
    "type" : "uri",
    "value" : "https://standards.digital.health.nz/ns/nzeps-scid-item-id",
    "preferred" : true,
    "period" : {
      "start" : "2020-04-20"
    }
  }]
}