<?xml version="1.0" encoding="UTF-8"?>

<NamingSystem xmlns="http://hl7.org/fhir">
  <id value="nzeps-batch-id"/>
  <text>
    <status value="generated"/><div xmlns="http://www.w3.org/1999/xhtml">Placeholder</div>
  </text>
  <extension url="http://hl7.org/fhir/5.0/StructureDefinition/extension-NamingSystem.url">
    <valueUri value="http://hl7.org.nz/fhir/ig/mdr/NamingSystem/nzeps-batch-id"/>
  </extension>
  <extension url="http://hl7.org/fhir/5.0/StructureDefinition/extension-NamingSystem.version">
    <valueString value="0.1.0"/>
  </extension>
  <name value="nzeps-batch-id"/>
  <status value="active"/>
  <kind value="identifier"/>
  <date value="2020-04-20"/>
  <publisher value="Te Whatu Ora"/>
  <contact>
    <name value="Te Whatu Ora"/>
    <telecom>
      <system value="url"/>
      <value value="https://tewhatuora.govt.nz"/>
    </telecom>
    <telecom>
      <system value="email"/>
      <value value="mailto:integration@health.govt.nz"/>
    </telecom>
  </contact>
  <responsible value="New Zealand Health Information Standards Organisation (HISO)"/>
  <type>
    <coding>
      <system value="http://terminology.hl7.org/CodeSystem/v2-0203"/>
      <code value="SNO"/>
      <display value="Serial Number"/>
    </coding>
    <text value="nzeps-batch"/>
  </type>
  <description value="New Zealand ePrescription Service Batch Number."/>
  <jurisdiction>
    <coding>
      <system value="urn:iso:std:iso:3166"/>
      <code value="NZ"/>
    </coding>
  </jurisdiction>
  <usage value="New Zealand ePrescription Service (NZePS)."/>
  <uniqueId>
    <type value="oid"/>
    <value value="2.16.840.1.113883.2.18.40"/>
    <comment value="This value is used in New Zealand CDA documents"/>
  </uniqueId>
  <uniqueId>
    <type value="uri"/>
    <value value="https://standards.digital.health.nz/ns/nzeps-batch-id"/>
    <preferred value="true"/>
    <period>
      <start value="2020-04-20"/>
    </period>
  </uniqueId>
</NamingSystem>