{
  "resourceType": "SearchParameter",
  "id": "nzf-nzmt-type-search-parameter",
  "text": {
    "status": "generated",
    "div": "<div xmlns=\"http://www.w3.org/1999/xhtml\"><p><b>Generated Narrative: SearchParameter</b><a name=\"nzf-nzmt-type-search-parameter\"> </a></p><div style=\"display: inline-block; background-color: #d9e0e7; padding: 6px; margin: 4px; border: 1px solid #8da1b4; border-radius: 5px; line-height: 60%\"><p style=\"margin-bottom: 0px\">Resource SearchParameter &quot;nzf-nzmt-type-search-parameter&quot; </p></div><p><b>url</b>: <code>http://hl7.org.nz/fhir/SearchParameter/nzf-nzmt-type-search-parameter</code></p><p><b>version</b>: 0.1.0</p><p><b>name</b>: NzmtType</p><p><b>status</b>: active</p><p><b>date</b>: 2023-02-17</p><p><b>publisher</b>: Te Whatu Ora</p><p><b>contact</b>: Te Whatu Ora: <a href=\"https://tewhatuora.govt.nz\">https://tewhatuora.govt.nz</a>,<a href=\"mailto:mailto:integration@health.govt.nz\">mailto:integration@health.govt.nz</a></p><p><b>description</b>: Returns medications matching the specified NZMT type code.</p><p><b>jurisdiction</b>: New Zealand <span style=\"background: LightGoldenRodYellow; margin: 4px; border: 1px solid khaki\"> (<a href=\"http://terminology.hl7.org/5.0.0/CodeSystem-ISO3166Part1.html\">ISO 3166-1 Codes for the representation of names of countries and their subdivisions — Part 1: Country code</a>#NZ)</span></p><p><b>code</b>: nzmt-type</p><p><b>base</b>: Medication</p><p><b>type</b>: token</p><p><b>expression</b>: Medication.extension.where(url = 'http://hl7.org.nz/fhir/StructureDefinition/nzf-nzmt-type').extension.value.code</p><p><b>xpathUsage</b>: normal</p><p><b>multipleOr</b>: true</p><p><b>multipleAnd</b>: true</p></div>"
  },
  "url": "http://hl7.org.nz/fhir/SearchParameter/nzf-nzmt-type-search-parameter",
  "version": "0.1.0",
  "name": "NzmtType",
  "status": "active",
  "date": "2023-02-17",
  "publisher": "Te Whatu Ora",
  "contact": [
    {
      "name": "Te Whatu Ora",
      "telecom": [
        {
          "system": "url",
          "value": "https://tewhatuora.govt.nz"
        },
        {
          "system": "email",
          "value": "mailto:integration@health.govt.nz"
        }
      ]
    }
  ],
  "description": "Returns medications matching the specified NZMT type code.",
  "jurisdiction": [
    {
      "coding": [
        {
          "system": "urn:iso:std:iso:3166",
          "code": "NZ"
        }
      ]
    }
  ],
  "code": "nzmt-type",
  "base": [
    "Medication"
  ],
  "type": "token",
  "expression": "Medication.extension.where(url = 'http://hl7.org.nz/fhir/StructureDefinition/nzf-nzmt-type').extension.value.code",
  "xpathUsage": "normal",
  "multipleOr": true,
  "_multipleOr": {
    "extension": [
      {
        "url": "http://hl7.org/fhir/StructureDefinition/capabilitystatement-expectation",
        "valueCode": "MAY"
      }
    ]
  },
  "multipleAnd": true,
  "_multipleAnd": {
    "extension": [
      {
        "url": "http://hl7.org/fhir/StructureDefinition/capabilitystatement-expectation",
        "valueCode": "MAY"
      }
    ]
  }
}