<?xml version="1.0" encoding="UTF-8"?>

<SearchParameter xmlns="http://hl7.org/fhir">
  <id value="nzf-nzmt-type-search-parameter"/>
  <text>
    <status value="generated"/><div xmlns="http://www.w3.org/1999/xhtml"><h2>NzmtType</h2><p>Parameter <code>nzmt-type</code>:<code>token</code></p><div><p>Returns medications matching the specified NZMT type code.</p>
</div><table class="grid"><tr><td>Resource</td><td><a href="http://hl7.org/fhir/R4/medication.html">Medication</a></td></tr><tr><td>Expression</td><td><code>Medication.extension.where(url = 'http://hl7.org.nz/fhir/StructureDefinition/nzf-nzmt-type').extension.value.code</code></td></tr><tr><td>Processing Mode</td><td>Normal</td></tr><tr><td>Multiples</td><td>The parameter can repeat (and) and can have repeating values (or)</td></tr></table></div>
  </text>
  <url value="http://hl7.org.nz/fhir/SearchParameter/nzf-nzmt-type-search-parameter"/>
  <version value="0.1.0"/>
  <name value="NzmtType"/>
  <status value="active"/>
  <date value="2023-02-17"/>
  <publisher value="Te Whatu Ora"/>
  <contact>
    <name value="Te Whatu Ora"/>
    <telecom>
      <system value="url"/>
      <value value="https://tewhatuora.govt.nz"/>
    </telecom>
    <telecom>
      <system value="email"/>
      <value value="mailto:integration@health.govt.nz"/>
    </telecom>
  </contact>
  <description value="Returns medications matching the specified NZMT type code."/>
  <jurisdiction>
    <coding>
      <system value="urn:iso:std:iso:3166"/>
      <code value="NZ"/>
    </coding>
  </jurisdiction>
  <code value="nzmt-type"/>
  <base value="Medication"/>
  <type value="token"/>
  <expression value="Medication.extension.where(url = 'http://hl7.org.nz/fhir/StructureDefinition/nzf-nzmt-type').extension.value.code"/>
  <xpathUsage value="normal"/>
  <multipleOr value="true">
    <extension url="http://hl7.org/fhir/StructureDefinition/capabilitystatement-expectation">
      <valueCode value="MAY"/>
    </extension>
  </multipleOr>
  <multipleAnd value="true">
    <extension url="http://hl7.org/fhir/StructureDefinition/capabilitystatement-expectation">
      <valueCode value="MAY"/>
    </extension>
  </multipleAnd>
</SearchParameter>