<?xml version="1.0" encoding="UTF-8"?>

<StructureDefinition xmlns="http://hl7.org/fhir">
  <id value="atc"/>
  <text>
    <status value="extensions"/><div xmlns="http://www.w3.org/1999/xhtml"><table border="0" cellpadding="0" cellspacing="0" style="border: 0px #F0F0F0 solid; font-size: 11px; font-family: verdana; vertical-align: top;"><tr style="border: 1px #F0F0F0 solid; font-size: 11px; font-family: verdana; vertical-align: top"><th style="vertical-align: top; text-align : left; background-color: white; border: 0px #F0F0F0 solid; padding:0px 4px 0px 4px" class="hierarchy"><a href="http://build.fhir.org/ig/FHIR/ig-guidance/readingIgs.html#table-views" title="The logical name of the element">Name</a></th><th style="vertical-align: top; text-align : left; background-color: white; border: 0px #F0F0F0 solid; padding:0px 4px 0px 4px" class="hierarchy"><a href="http://build.fhir.org/ig/FHIR/ig-guidance/readingIgs.html#table-views" title="Information about the use of the element">Flags</a></th><th style="vertical-align: top; text-align : left; background-color: white; border: 0px #F0F0F0 solid; padding:0px 4px 0px 4px" class="hierarchy"><a href="http://build.fhir.org/ig/FHIR/ig-guidance/readingIgs.html#table-views" title="Minimum and Maximum # of times the the element can appear in the instance">Card.</a></th><th style="width: 100px" class="hierarchy"><a href="http://build.fhir.org/ig/FHIR/ig-guidance/readingIgs.html#table-views" title="Reference to the type of the element">Type</a></th><th style="vertical-align: top; text-align : left; background-color: white; border: 0px #F0F0F0 solid; padding:0px 4px 0px 4px" class="hierarchy"><a href="http://build.fhir.org/ig/FHIR/ig-guidance/readingIgs.html#table-views" title="Additional information about the element">Description &amp; Constraints</a><span style="float: right"><a href="http://build.fhir.org/ig/FHIR/ig-guidance/readingIgs.html#table-views" title="Legend for this format"><img src="http://hl7.org/fhir/R4/help16.png" alt="doco" style="background-color: inherit"/></a></span></th></tr><tr style="border: 0px #F0F0F0 solid; padding:0px; vertical-align: top; background-color: white"><td style="vertical-align: top; text-align : left; background-color: white; border: 0px #F0F0F0 solid; padding:0px 4px 0px 4px; white-space: nowrap; background-image: url(tbl_bck1.png)" class="hierarchy"><img src="tbl_spacer.png" alt="." style="background-color: inherit" class="hierarchy"/><img src="icon_element.gif" alt="." style="background-color: white; background-color: inherit" title="Element" class="hierarchy"/> <a href="StructureDefinition-atc-definitions.html#Extension" title="Anatomical Therapeutic Chemical (ATC) Classification - see https://www.who.int/tools/atc-ddd-toolkit/atc-classification">Extension</a><a name="Extension"> </a></td><td style="vertical-align: top; text-align : left; background-color: white; border: 0px #F0F0F0 solid; padding:0px 4px 0px 4px" class="hierarchy"/><td style="vertical-align: top; text-align : left; background-color: white; border: 0px #F0F0F0 solid; padding:0px 4px 0px 4px" class="hierarchy"><span style="opacity: 0.5">0</span><span style="opacity: 0.5">..</span><span style="opacity: 0.5">*</span></td><td style="vertical-align: top; text-align : left; background-color: white; border: 0px #F0F0F0 solid; padding:0px 4px 0px 4px" class="hierarchy"><a href="http://hl7.org/fhir/R4/extensibility.html#Extension">Extension</a></td><td style="vertical-align: top; text-align : left; background-color: white; border: 0px #F0F0F0 solid; padding:0px 4px 0px 4px" class="hierarchy"><span style="opacity: 0.5">Extension</span></td></tr>
<tr style="border: 0px #F0F0F0 solid; padding:0px; vertical-align: top; background-color: #F7F7F7"><td style="vertical-align: top; text-align : left; background-color: #F7F7F7; border: 0px #F0F0F0 solid; padding:0px 4px 0px 4px; white-space: nowrap; background-image: url(tbl_bck10.png)" class="hierarchy"><img src="tbl_spacer.png" alt="." style="background-color: inherit" class="hierarchy"/><img src="tbl_vjoin.png" alt="." style="background-color: inherit" class="hierarchy"/><img src="icon_extension_simple.png" alt="." style="background-color: #F7F7F7; background-color: inherit" title="Simple Extension" class="hierarchy"/> <span style="text-decoration:line-through">extension</span><a name="Extension.extension"> </a></td><td style="vertical-align: top; text-align : left; background-color: #F7F7F7; border: 0px #F0F0F0 solid; padding:0px 4px 0px 4px" class="hierarchy"/><td style="vertical-align: top; text-align : left; background-color: #F7F7F7; border: 0px #F0F0F0 solid; padding:0px 4px 0px 4px" class="hierarchy"><span style="text-decoration:line-through"/><span style="text-decoration:line-through">0</span><span style="text-decoration:line-through">..</span><span style="text-decoration:line-through">0</span></td><td style="vertical-align: top; text-align : left; background-color: #F7F7F7; border: 0px #F0F0F0 solid; padding:0px 4px 0px 4px" class="hierarchy"/><td style="vertical-align: top; text-align : left; background-color: #F7F7F7; border: 0px #F0F0F0 solid; padding:0px 4px 0px 4px" class="hierarchy"/></tr>
<tr style="border: 0px #F0F0F0 solid; padding:0px; vertical-align: top; background-color: white"><td style="vertical-align: top; text-align : left; background-color: white; border: 0px #F0F0F0 solid; padding:0px 4px 0px 4px; white-space: nowrap; background-image: url(tbl_bck10.png)" class="hierarchy"><img src="tbl_spacer.png" alt="." style="background-color: inherit" class="hierarchy"/><img src="tbl_vjoin.png" alt="." style="background-color: inherit" class="hierarchy"/><img src="icon_element.gif" alt="." style="background-color: white; background-color: inherit" title="Element" class="hierarchy"/> <a href="StructureDefinition-atc-definitions.html#Extension.url">url</a><a name="Extension.url"> </a></td><td style="vertical-align: top; text-align : left; background-color: white; border: 0px #F0F0F0 solid; padding:0px 4px 0px 4px" class="hierarchy"/><td style="vertical-align: top; text-align : left; background-color: white; border: 0px #F0F0F0 solid; padding:0px 4px 0px 4px" class="hierarchy"><span style="opacity: 0.5">1</span><span style="opacity: 0.5">..</span><span style="opacity: 0.5">1</span></td><td style="vertical-align: top; text-align : left; background-color: white; border: 0px #F0F0F0 solid; padding:0px 4px 0px 4px" class="hierarchy"><a style="opacity: 0.5" href="http://hl7.org/fhir/R4/datatypes.html#uri">uri</a></td><td style="vertical-align: top; text-align : left; background-color: white; border: 0px #F0F0F0 solid; padding:0px 4px 0px 4px" class="hierarchy"><span style="color: darkgreen">&quot;http://hl7.org.nz/fhir/StructureDefinition/atc&quot;</span></td></tr>
<tr style="border: 0px #F0F0F0 solid; padding:0px; vertical-align: top; background-color: #F7F7F7"><td style="vertical-align: top; text-align : left; background-color: #F7F7F7; border: 0px #F0F0F0 solid; padding:0px 4px 0px 4px; white-space: nowrap; background-image: url(tbl_bck00.png)" class="hierarchy"><img src="tbl_spacer.png" alt="." style="background-color: inherit" class="hierarchy"/><img src="tbl_vjoin_end.png" alt="." style="background-color: inherit" class="hierarchy"/><img src="icon_datatype.gif" alt="." style="background-color: #F7F7F7; background-color: inherit" title="Data Type" class="hierarchy"/> <a href="StructureDefinition-atc-definitions.html#Extension.value[x]">value[x]</a><a name="Extension.value_x_"> </a></td><td style="vertical-align: top; text-align : left; background-color: #F7F7F7; border: 0px #F0F0F0 solid; padding:0px 4px 0px 4px" class="hierarchy"/><td style="vertical-align: top; text-align : left; background-color: #F7F7F7; border: 0px #F0F0F0 solid; padding:0px 4px 0px 4px" class="hierarchy"><span style="opacity: 0.5">0</span><span style="opacity: 0.5">..</span><span style="opacity: 0.5">1</span></td><td style="vertical-align: top; text-align : left; background-color: #F7F7F7; border: 0px #F0F0F0 solid; padding:0px 4px 0px 4px" class="hierarchy"><a href="http://hl7.org/fhir/R4/datatypes.html#CodeableConcept">CodeableConcept</a></td><td style="vertical-align: top; text-align : left; background-color: #F7F7F7; border: 0px #F0F0F0 solid; padding:0px 4px 0px 4px" class="hierarchy"><span style="opacity: 0.5">Value of extension</span><br/><span style="font-weight:bold">Binding: </span><a href="https://nzhts.digital.health.nz/fhir/ValueSet/atc-code">https://nzhts.digital.health.nz/fhir/ValueSet/atc-code</a> (<a href="http://hl7.org/fhir/R4/terminologies.html#required" title="To be conformant, the concept in this element SHALL be from the specified value set.">required</a>)</td></tr>
<tr><td colspan="5" class="hierarchy"><br/><a href="http://build.fhir.org/ig/FHIR/ig-guidance/readingIgs.html#table-views" title="Legend for this format"><img src="http://hl7.org/fhir/R4/help16.png" alt="doco" style="background-color: inherit"/> Documentation for this format</a></td></tr></table></div>
  </text>
  <url value="http://hl7.org.nz/fhir/StructureDefinition/atc"/>
  <version value="0.1.0"/>
  <name value="Atc"/>
  <status value="draft"/>
  <date value="2022-08-25T23:28:05+00:00"/>
  <publisher value="Te Whatu Ora"/>
  <contact>
    <name value="Te Whatu Ora"/>
    <telecom>
      <system value="url"/>
      <value value="https://tewhatuora.govt.nz"/>
    </telecom>
    <telecom>
      <system value="email"/>
      <value value="mailto:integration@health.govt.nz"/>
    </telecom>
  </contact>
  <description value="Anatomical Therapeutic Chemical (ATC) Classification - see https://www.who.int/tools/atc-ddd-toolkit/atc-classification"/>
  <jurisdiction>
    <coding>
      <system value="urn:iso:std:iso:3166"/>
      <code value="NZ"/>
    </coding>
  </jurisdiction>
  <fhirVersion value="4.0.1"/>
  <mapping>
    <identity value="rim"/>
    <uri value="http://hl7.org/v3"/>
    <name value="RIM Mapping"/>
  </mapping>
  <kind value="complex-type"/>
  <abstract value="false"/>
  <context>
    <type value="element"/>
    <expression value="Medication"/>
  </context>
  <type value="Extension"/>
  <baseDefinition value="http://hl7.org/fhir/StructureDefinition/Extension"/>
  <derivation value="constraint"/>
  <snapshot>
    <element id="Extension">
      <path value="Extension"/>
      <short value="Extension"/>
      <definition value="Anatomical Therapeutic Chemical (ATC) Classification - see https://www.who.int/tools/atc-ddd-toolkit/atc-classification"/>
      <min value="0"/>
      <max value="*"/>
      <base>
        <path value="Extension"/>
        <min value="0"/>
        <max value="*"/>
      </base>
      <condition value="ele-1"/>
      <constraint>
        <key value="ele-1"/>
        <severity value="error"/>
        <human value="All FHIR elements must have a @value or children"/>
        <expression value="hasValue() or (children().count() &gt; id.count())"/>
        <xpath value="@value|f:*|h:div"/>
        <source value="http://hl7.org/fhir/StructureDefinition/Element"/>
      </constraint>
      <constraint>
        <key value="ext-1"/>
        <severity value="error"/>
        <human value="Must have either extensions or value[x], not both"/>
        <expression value="extension.exists() != value.exists()"/>
        <xpath value="exists(f:extension)!=exists(f:*[starts-with(local-name(.), 'value')])"/>
        <source value="http://hl7.org/fhir/StructureDefinition/Extension"/>
      </constraint>
      <isModifier value="false"/>
    </element>
    <element id="Extension.id">
      <path value="Extension.id"/>
      <representation value="xmlAttr"/>
      <short value="Unique id for inter-element referencing"/>
      <definition value="Unique id for the element within a resource (for internal references). This may be any string value that does not contain spaces."/>
      <min value="0"/>
      <max value="1"/>
      <base>
        <path value="Element.id"/>
        <min value="0"/>
        <max value="1"/>
      </base>
      <type>
        <extension url="http://hl7.org/fhir/StructureDefinition/structuredefinition-fhir-type">
          <valueUrl value="string"/>
        </extension>
        <code value="http://hl7.org/fhirpath/System.String"/>
      </type>
      <isModifier value="false"/>
      <isSummary value="false"/>
      <mapping>
        <identity value="rim"/>
        <map value="n/a"/>
      </mapping>
    </element>
    <element id="Extension.extension">
      <path value="Extension.extension"/>
      <slicing>
        <discriminator>
          <type value="value"/>
          <path value="url"/>
        </discriminator>
        <description value="Extensions are always sliced by (at least) url"/>
        <rules value="open"/>
      </slicing>
      <short value="Extension"/>
      <definition value="An Extension"/>
      <min value="0"/>
      <max value="0"/>
      <base>
        <path value="Element.extension"/>
        <min value="0"/>
        <max value="*"/>
      </base>
      <type>
        <code value="Extension"/>
      </type>
      <constraint>
        <key value="ele-1"/>
        <severity value="error"/>
        <human value="All FHIR elements must have a @value or children"/>
        <expression value="hasValue() or (children().count() &gt; id.count())"/>
        <xpath value="@value|f:*|h:div"/>
        <source value="http://hl7.org/fhir/StructureDefinition/Element"/>
      </constraint>
      <constraint>
        <key value="ext-1"/>
        <severity value="error"/>
        <human value="Must have either extensions or value[x], not both"/>
        <expression value="extension.exists() != value.exists()"/>
        <xpath value="exists(f:extension)!=exists(f:*[starts-with(local-name(.), &quot;value&quot;)])"/>
        <source value="http://hl7.org/fhir/StructureDefinition/Extension"/>
      </constraint>
      <isModifier value="false"/>
      <isSummary value="false"/>
    </element>
    <element id="Extension.url">
      <path value="Extension.url"/>
      <representation value="xmlAttr"/>
      <short value="identifies the meaning of the extension"/>
      <definition value="Source of the definition for the extension code - a logical name or a URL."/>
      <comment value="The definition may point directly to a computable or human-readable definition of the extensibility codes, or it may be a logical URI as declared in some other specification. The definition SHALL be a URI for the Structure Definition defining the extension."/>
      <min value="1"/>
      <max value="1"/>
      <base>
        <path value="Extension.url"/>
        <min value="1"/>
        <max value="1"/>
      </base>
      <type>
        <extension url="http://hl7.org/fhir/StructureDefinition/structuredefinition-fhir-type">
          <valueUrl value="uri"/>
        </extension>
        <code value="http://hl7.org/fhirpath/System.String"/>
      </type>
      <fixedUri value="http://hl7.org.nz/fhir/StructureDefinition/atc"/>
      <isModifier value="false"/>
      <isSummary value="false"/>
      <mapping>
        <identity value="rim"/>
        <map value="N/A"/>
      </mapping>
    </element>
    <element id="Extension.value[x]">
      <path value="Extension.value[x]"/>
      <short value="Value of extension"/>
      <definition value="Value of extension - must be one of a constrained set of the data types (see [Extensibility](http://hl7.org/fhir/R4/extensibility.html) for a list)."/>
      <min value="0"/>
      <max value="1"/>
      <base>
        <path value="Extension.value[x]"/>
        <min value="0"/>
        <max value="1"/>
      </base>
      <type>
        <code value="CodeableConcept"/>
      </type>
      <constraint>
        <key value="ele-1"/>
        <severity value="error"/>
        <human value="All FHIR elements must have a @value or children"/>
        <expression value="hasValue() or (children().count() &gt; id.count())"/>
        <xpath value="@value|f:*|h:div"/>
        <source value="http://hl7.org/fhir/StructureDefinition/Element"/>
      </constraint>
      <isModifier value="false"/>
      <isSummary value="false"/>
      <binding>
        <strength value="required"/>
        <valueSet value="https://nzhts.digital.health.nz/fhir/ValueSet/atc-code"/>
      </binding>
      <mapping>
        <identity value="rim"/>
        <map value="N/A"/>
      </mapping>
    </element>
  </snapshot>
  <differential>
    <element id="Extension">
      <path value="Extension"/>
      <definition value="Anatomical Therapeutic Chemical (ATC) Classification - see https://www.who.int/tools/atc-ddd-toolkit/atc-classification"/>
    </element>
    <element id="Extension.extension">
      <path value="Extension.extension"/>
      <max value="0"/>
    </element>
    <element id="Extension.url">
      <path value="Extension.url"/>
      <fixedUri value="http://hl7.org.nz/fhir/StructureDefinition/atc"/>
    </element>
    <element id="Extension.value[x]">
      <path value="Extension.value[x]"/>
      <type>
        <code value="CodeableConcept"/>
      </type>
      <binding>
        <strength value="required"/>
        <valueSet value="https://nzhts.digital.health.nz/fhir/ValueSet/atc-code"/>
      </binding>
    </element>
  </differential>
</StructureDefinition>