{
  "package": "hl7.org.nz.fhir.ig.mdr",
  "version": "0.1.0",
  "fhirVersion": "4.0.1",
  "extensions": [
    {
      "url": "http://hl7.org.nz/fhir/StructureDefinition/nzeps-endorsement",
      "title": "NZePS Endorsement",
      "types": [
        "CodeableConcept",
        "CodeableConcept",
        "string",
        "dateTime",
        "base64Binary",
        "boolean",
        "canonical",
        "code",
        "date",
        "dateTime",
        "decimal",
        "id",
        "instant",
        "integer",
        "markdown",
        "oid",
        "positiveInt",
        "string",
        "time",
        "unsignedInt",
        "uri",
        "url",
        "uuid",
        "Address",
        "Age",
        "Annotation",
        "Attachment",
        "CodeableConcept",
        "Coding",
        "ContactPoint",
        "Count",
        "Distance",
        "Duration",
        "HumanName",
        "Identifier",
        "Money",
        "Period",
        "Quantity",
        "Range",
        "Ratio",
        "Reference",
        "SampledData",
        "Signature",
        "Timing",
        "ContactDetail",
        "Contributor",
        "DataRequirement",
        "Expression",
        "ParameterDefinition",
        "RelatedArtifact",
        "TriggerDefinition",
        "UsageContext",
        "Dosage",
        "Meta"
      ]
    },
    {
      "url": "http://hl7.org.nz/fhir/StructureDefinition/nzeps-force-notification",
      "title": "NZePS Force Notification Indicator",
      "types": [
        "boolean"
      ]
    },
    {
      "url": "http://hl7.org.nz/fhir/StructureDefinition/nzeps-funding-category",
      "title": "NZePS Funding Category",
      "types": [
        "string"
      ]
    },
    {
      "url": "http://hl7.org.nz/fhir/StructureDefinition/nzeps-instructions-modified",
      "title": "NZePS Patient Instructions Modification Indicator",
      "types": [
        "boolean"
      ]
    },
    {
      "url": "http://hl7.org.nz/fhir/StructureDefinition/nzeps-long-term-medication",
      "title": "NZePS Long Term Medication Indicator",
      "types": [
        "boolean"
      ]
    },
    {
      "url": "http://hl7.org.nz/fhir/StructureDefinition/nzeps-medication-action",
      "title": "NZePS Medication Action Type",
      "types": [
        "code"
      ]
    },
    {
      "url": "http://hl7.org.nz/fhir/StructureDefinition/nzeps-medication-claimable",
      "title": "NZePS Medication Claimable Indicator",
      "types": [
        "boolean"
      ]
    },
    {
      "url": "http://hl7.org.nz/fhir/StructureDefinition/nzeps-medication-copayment-paid",
      "title": "NZePS Medication Co-Payment Payment Indicator",
      "types": [
        "boolean"
      ]
    },
    {
      "url": "http://hl7.org.nz/fhir/StructureDefinition/nzeps-medication-modified",
      "title": "NZePS Patient Medication Modification Indicator",
      "types": [
        "boolean"
      ]
    },
    {
      "url": "http://hl7.org.nz/fhir/StructureDefinition/nzeps-notify",
      "title": "NZePS Active Notification Indicator",
      "types": [
        "boolean"
      ]
    },
    {
      "url": "http://hl7.org.nz/fhir/StructureDefinition/nzeps-pharmacy-approval-original",
      "title": "NZePS Original Pharmacy Approval Number",
      "types": [
        "string"
      ]
    },
    {
      "url": "http://hl7.org.nz/fhir/StructureDefinition/nzeps-private-item",
      "title": "NZePS Private Item Indicator",
      "types": [
        "boolean"
      ]
    },
    {
      "url": "http://hl7.org.nz/fhir/StructureDefinition/nzeps-scriptno-local",
      "title": "NZePS Local Script Number",
      "types": [
        "string"
      ]
    },
    {
      "url": "http://hl7.org.nz/fhir/StructureDefinition/nzeps-status-type",
      "title": "NZePS Status Type",
      "types": [
        "code"
      ]
    },
    {
      "url": "http://hl7.org.nz/fhir/StructureDefinition/nzeps-supply-period-reason",
      "title": "NZePS Supply Period Reason",
      "types": [
        "string"
      ]
    },
    {
      "url": "http://hl7.org.nz/fhir/StructureDefinition/nzeps-trial-period-reason",
      "title": "NZePS Trial Period Reason",
      "types": [
        "string"
      ]
    },
    {
      "url": "http://hl7.org.nz/fhir/StructureDefinition/nzeps-unsigned-rejection-reason",
      "title": "NZePS Unsigned Rejection Reason",
      "types": [
        "string"
      ]
    },
    {
      "url": "http://hl7.org.nz/fhir/StructureDefinition/nzeps-unusual-dose-quantity",
      "title": "NZePS Unusual Dose Quantity Indicator",
      "types": [
        "boolean"
      ]
    },
    {
      "url": "http://hl7.org.nz/fhir/StructureDefinition/nzeps-use-generic-name",
      "title": "NZePS Use Generic Drug Name Indicator",
      "types": [
        "boolean"
      ]
    }
  ],
  "profiles": {
    "MedicationDispense": [
      {
        "url": "http://hl7.org.nz/fhir/StructureDefinition/NzepsMedicationDispense",
        "title": "Medication Dispense resource for use in NZ e-Prescription Service MDR"
      }
    ],
    "MedicationRequest": [
      {
        "url": "http://hl7.org.nz/fhir/StructureDefinition/NzepsMedicationRequest",
        "title": "Medication Request resource for use in the NZ e-Prescription Service MDR"
      }
    ],
    "Observation": [
      {
        "url": "http://hl7.org.nz/fhir/ig/mdr/StructureDefinition/bodyweight",
        "title": "Observation Body Weight Profile"
      }
    ]
  },
  "usage": {
    "http://hl7.org.nz/fhir/StructureDefinition/nzeps-endorsement": [
      "MedicationDispense",
      "MedicationRequest"
    ],
    "http://hl7.org.nz/fhir/StructureDefinition/nzeps-force-notification": [
      "MedicationRequest"
    ],
    "http://hl7.org.nz/fhir/StructureDefinition/nzeps-funding-category": [
      "MedicationDispense",
      "MedicationRequest"
    ],
    "http://hl7.org.nz/fhir/StructureDefinition/nzeps-instructions-modified": [
      "MedicationRequest"
    ],
    "http://hl7.org.nz/fhir/StructureDefinition/nzeps-long-term-medication": [
      "MedicationRequest"
    ],
    "http://hl7.org.nz/fhir/StructureDefinition/nzeps-medication-action": [
      "MedicationRequest"
    ],
    "http://hl7.org.nz/fhir/StructureDefinition/nzeps-medication-claimable": [
      "MedicationRequest"
    ],
    "http://hl7.org.nz/fhir/StructureDefinition/nzeps-medication-copayment-paid": [
      "MedicationDispense"
    ],
    "http://hl7.org.nz/fhir/StructureDefinition/nzeps-medication-modified": [
      "MedicationRequest"
    ],
    "http://hl7.org.nz/fhir/StructureDefinition/nzeps-notify": [
      "MedicationRequest"
    ],
    "http://hl7.org.nz/fhir/StructureDefinition/nzeps-pharmacy-approval-original": [
      "MedicationDispense"
    ],
    "http://hl7.org.nz/fhir/StructureDefinition/nzeps-private-item": [
      "MedicationRequest"
    ],
    "http://hl7.org.nz/fhir/StructureDefinition/nzeps-scriptno-local": [
      "MedicationDispense"
    ],
    "http://hl7.org.nz/fhir/StructureDefinition/nzeps-status-type": [
      "MedicationRequest"
    ],
    "http://hl7.org.nz/fhir/StructureDefinition/nzeps-supply-period-reason": [
      "MedicationRequest"
    ],
    "http://hl7.org.nz/fhir/StructureDefinition/nzeps-trial-period-reason": [
      "MedicationRequest"
    ],
    "http://hl7.org.nz/fhir/StructureDefinition/nzeps-unsigned-rejection-reason": [
      "MedicationRequest"
    ],
    "http://hl7.org.nz/fhir/StructureDefinition/nzeps-unusual-dose-quantity": [
      "MedicationRequest"
    ],
    "http://hl7.org/fhir/StructureDefinition/elementdefinition-bestpractice": [
      "StructureDefinition.snapshot.element.constraint"
    ],
    "http://hl7.org/fhir/StructureDefinition/elementdefinition-bestpractice-explanation": [
      "StructureDefinition.snapshot.element.constraint"
    ],
    "http://hl7.org/fhir/StructureDefinition/elementdefinition-bindingName": [
      "StructureDefinition.differential.element.binding",
      "StructureDefinition.snapshot.element.binding"
    ],
    "http://hl7.org/fhir/StructureDefinition/elementdefinition-isCommonBinding": [
      "StructureDefinition.snapshot.element.binding"
    ],
    "http://hl7.org/fhir/StructureDefinition/elementdefinition-maxValueSet": [
      "StructureDefinition.snapshot.element.binding"
    ],
    "http://hl7.org/fhir/StructureDefinition/elementdefinition-translatable": [
      "StructureDefinition.snapshot.element"
    ],
    "http://hl7.org/fhir/StructureDefinition/structuredefinition-category": [
      "StructureDefinition"
    ],
    "http://hl7.org/fhir/StructureDefinition/structuredefinition-display-hint": [
      "StructureDefinition.snapshot.element"
    ],
    "http://hl7.org/fhir/StructureDefinition/structuredefinition-fhir-type": [
      "StructureDefinition.snapshot.element.type"
    ],
    "http://hl7.org/fhir/StructureDefinition/structuredefinition-fmm": [
      "StructureDefinition"
    ],
    "http://hl7.org/fhir/StructureDefinition/structuredefinition-security-category": [
      "StructureDefinition"
    ],
    "http://hl7.org/fhir/StructureDefinition/structuredefinition-standards-status": [
      "StructureDefinition",
      "StructureDefinition.differential.element",
      "StructureDefinition.snapshot.element"
    ],
    "http://hl7.org/fhir/StructureDefinition/structuredefinition-summary": [
      "StructureDefinition"
    ],
    "http://hl7.org/fhir/StructureDefinition/structuredefinition-wg": [
      "StructureDefinition"
    ],
    "http://hl7.org/fhir/tools/StructureDefinition/ig-page-name": [
      "ImplementationGuide.definition.page",
      "ImplementationGuide.definition.page.page"
    ],
    "http://hl7.org/fhir/tools/StructureDefinition/ig-parameter": [
      "ImplementationGuide.definition"
    ],
    "http://hl7.org/fhir/tools/StructureDefinition/resource-information": [
      "ImplementationGuide.definition.resource"
    ]
  }
}