{
  "codeSystems" : [
    {
      "url" : "http://hl7.org/fhir/ValueSet/body-site",
      "version" : "4.0.1",
      "status" : "draft",
      "name" : "SNOMEDCTBodyStructures",
      "title" : "SNOMED CT Body Structures",
      "description" : "This value set includes all codes from [SNOMED CT](http://snomed.info/sct) where concept is-a 442083009 (Anatomical or acquired body site (body structure)).",
      "systems" : ["http://snomed.info/sct"],
      "oids" : ["2.16.840.1.113883.4.642.3.141"],
      "sources" : ["2.16.840.1.113883.4.642.3.141"],
      "uses" : {
      },
      "StructureDefinition-bodyweight.html" : "Observation Body Weight Profile"
    },
    {
      "url" : "http://hl7.org/fhir/ValueSet/condition-code",
      "version" : "4.0.1",
      "status" : "draft",
      "name" : "Condition/Problem/DiagnosisCodes",
      "title" : "Condition/Problem/Diagnosis Codes",
      "description" : "Example value set for Condition/Problem/Diagnosis codes.",
      "systems" : ["http://snomed.info/sct"],
      "oids" : ["2.16.840.1.113883.4.642.3.161"],
      "sources" : ["2.16.840.1.113883.4.642.3.161"],
      "uses" : {
      },
      "StructureDefinition-NzepsMedicationRequest.html" : "Medication Request resource for use in the NZ e-Prescription Service MDR"
    },
    {
      "url" : "http://hl7.org/fhir/ValueSet/data-absent-reason",
      "version" : "4.0.1",
      "status" : "active",
      "name" : "DataAbsentReason",
      "title" : "DataAbsentReason",
      "description" : "Used to specify why the normally expected content of the data element is missing.",
      "systems" : ["http://terminology.hl7.org/CodeSystem/data-absent-reason"],
      "oids" : ["2.16.840.1.113883.4.642.3.5"],
      "sources" : ["2.16.840.1.113883.4.642.3.5"],
      "uses" : {
      },
      "StructureDefinition-bodyweight.html" : "Observation Body Weight Profile"
    },
    {
      "url" : "http://hl7.org/fhir/ValueSet/languages",
      "version" : "4.0.1",
      "status" : "draft",
      "name" : "CommonLanguages",
      "title" : "Common Languages",
      "description" : "This value set includes common codes from BCP-47 (http://tools.ietf.org/html/bcp47)",
      "systems" : ["urn:ietf:bcp:47"],
      "oids" : ["2.16.840.1.113883.4.642.3.20"],
      "sources" : ["2.16.840.1.113883.4.642.3.20"],
      "uses" : {
      },
      "StructureDefinition-NzepsMedicationRequest.html" : "Medication Request resource for use in the NZ e-Prescription Service MDR",
      "StructureDefinition-NzepsMedicationDispense.html" : "Medication Dispense resource for use in NZ e-Prescription Service MDR",
      "StructureDefinition-bodyweight.html" : "Observation Body Weight Profile"
    },
    {
      "url" : "http://hl7.org/fhir/ValueSet/medicationdispense-category",
      "version" : "4.0.1",
      "status" : "draft",
      "name" : "MedicationDispense Category Codes",
      "title" : "Medication dispense  category  codes",
      "description" : "MedicationDispense Category Codes",
      "systems" : [
        "http://terminology.hl7.org/fhir/CodeSystem/medicationdispense-category"
      ],
      "oids" : ["2.16.840.1.113883.4.642.3.1314"],
      "sources" : ["2.16.840.1.113883.4.642.3.1314"],
      "uses" : {
      },
      "StructureDefinition-NzepsMedicationDispense.html" : "Medication Dispense resource for use in NZ e-Prescription Service MDR"
    },
    {
      "url" : "http://hl7.org/fhir/ValueSet/medicationdispense-performer-function",
      "version" : "4.0.1",
      "status" : "draft",
      "name" : "MedicationDispense Performer Function Codes",
      "title" : "Medication dispense  performer  function  codes",
      "description" : "MedicationDispense Performer Function Codes",
      "systems" : [
        "http://terminology.hl7.org/CodeSystem/medicationdispense-performer-function"
      ],
      "oids" : ["2.16.840.1.113883.4.642.3.1318"],
      "sources" : ["2.16.840.1.113883.4.642.3.1318"],
      "uses" : {
      },
      "StructureDefinition-NzepsMedicationDispense.html" : "Medication Dispense resource for use in NZ e-Prescription Service MDR"
    },
    {
      "url" : "http://hl7.org/fhir/ValueSet/medicationdispense-status",
      "version" : "4.0.1",
      "status" : "draft",
      "name" : "MedicationDispense Status Codes",
      "title" : "Medication dispense  status  codes",
      "description" : "MedicationDispense Status Codes",
      "systems" : [
        "http://terminology.hl7.org/CodeSystem/medicationdispense-status"
      ],
      "oids" : ["2.16.840.1.113883.4.642.3.1312"],
      "sources" : ["2.16.840.1.113883.4.642.3.1312"],
      "uses" : {
      },
      "StructureDefinition-NzepsMedicationDispense.html" : "Medication Dispense resource for use in NZ e-Prescription Service MDR"
    },
    {
      "url" : "http://hl7.org/fhir/ValueSet/medicationdispense-status-reason",
      "version" : "4.0.1",
      "status" : "draft",
      "name" : "MedicationDispense Status Reason Codes",
      "title" : "Medication dispense  status  reason  codes",
      "description" : "MedicationDispense Status Codes",
      "systems" : [
        "http://terminology.hl7.org/fhir/CodeSystem/medicationdispense-status-reason"
      ],
      "oids" : ["2.16.840.1.113883.4.642.3.1316"],
      "sources" : ["2.16.840.1.113883.4.642.3.1316"],
      "uses" : {
      },
      "StructureDefinition-NzepsMedicationDispense.html" : "Medication Dispense resource for use in NZ e-Prescription Service MDR"
    },
    {
      "url" : "http://hl7.org/fhir/ValueSet/medicationrequest-category",
      "version" : "4.0.1",
      "status" : "draft",
      "name" : "medicationRequest Category Codes",
      "title" : "Medication request  category  codes",
      "description" : "MedicationRequest Category Codes",
      "systems" : [
        "http://terminology.hl7.org/CodeSystem/medicationrequest-category"
      ],
      "oids" : ["2.16.840.1.113883.4.642.3.1322"],
      "sources" : ["2.16.840.1.113883.4.642.3.1322"],
      "uses" : {
      },
      "StructureDefinition-NzepsMedicationRequest.html" : "Medication Request resource for use in the NZ e-Prescription Service MDR"
    },
    {
      "url" : "http://hl7.org/fhir/ValueSet/medicationrequest-course-of-therapy",
      "version" : "4.0.1",
      "status" : "draft",
      "name" : "medicationRequest Course of Therapy Codes",
      "title" : "Medication request  course of  therapy  codes",
      "description" : "MedicationRequest Course of Therapy Codes",
      "systems" : [
        "http://terminology.hl7.org/CodeSystem/medicationrequest-course-of-therapy"
      ],
      "oids" : ["2.16.840.1.113883.4.642.3.1326"],
      "sources" : ["2.16.840.1.113883.4.642.3.1326"],
      "uses" : {
      },
      "StructureDefinition-NzepsMedicationRequest.html" : "Medication Request resource for use in the NZ e-Prescription Service MDR"
    },
    {
      "url" : "http://hl7.org/fhir/ValueSet/medicationrequest-intent",
      "version" : "4.0.1",
      "status" : "draft",
      "name" : "medicationRequest Intent",
      "title" : "Medication request  intent",
      "description" : "MedicationRequest Intent Codes",
      "systems" : ["http://hl7.org/fhir/CodeSystem/medicationrequest-intent"],
      "oids" : ["2.16.840.1.113883.4.642.3.1321"],
      "sources" : ["2.16.840.1.113883.4.642.3.1321"],
      "uses" : {
      },
      "StructureDefinition-NzepsMedicationRequest.html" : "Medication Request resource for use in the NZ e-Prescription Service MDR"
    },
    {
      "url" : "http://hl7.org/fhir/ValueSet/medicationrequest-status",
      "version" : "4.0.1",
      "status" : "draft",
      "name" : "medicationrequest Status",
      "title" : "Medicationrequest  status",
      "description" : "MedicationRequest Status Codes",
      "systems" : ["http://hl7.org/fhir/CodeSystem/medicationrequest-status"],
      "oids" : ["2.16.840.1.113883.4.642.3.1320"],
      "sources" : ["2.16.840.1.113883.4.642.3.1320"],
      "uses" : {
      },
      "StructureDefinition-NzepsMedicationRequest.html" : "Medication Request resource for use in the NZ e-Prescription Service MDR"
    },
    {
      "url" : "http://hl7.org/fhir/ValueSet/medicationrequest-status-reason",
      "version" : "4.0.1",
      "status" : "draft",
      "name" : "medicationRequest Status Reason Codes",
      "title" : "Medication request  status  reason  codes",
      "description" : "MedicationRequest Status Reason Codes",
      "systems" : [
        "http://terminology.hl7.org/CodeSystem/medicationrequest-status-reason"
      ],
      "oids" : ["2.16.840.1.113883.4.642.3.1324"],
      "sources" : ["2.16.840.1.113883.4.642.3.1324"],
      "uses" : {
      },
      "StructureDefinition-NzepsMedicationRequest.html" : "Medication Request resource for use in the NZ e-Prescription Service MDR"
    },
    {
      "url" : "http://hl7.org/fhir/ValueSet/observation-category",
      "version" : "4.0.1",
      "status" : "draft",
      "name" : "ObservationCategoryCodes",
      "title" : "Observation Category Codes",
      "description" : "Observation Category codes.",
      "systems" : ["http://terminology.hl7.org/CodeSystem/observation-category"],
      "oids" : ["2.16.840.1.113883.4.642.3.403"],
      "sources" : ["2.16.840.1.113883.4.642.3.403"],
      "uses" : {
      },
      "StructureDefinition-bodyweight.html" : "Observation Body Weight Profile"
    },
    {
      "url" : "http://hl7.org/fhir/ValueSet/observation-interpretation",
      "version" : "4.0.1",
      "status" : "active",
      "name" : "ObservationInterpretationCodes",
      "title" : "Observation Interpretation Codes",
      "description" : "A categorical assessment, providing a rough qualitative interpretation of the observation value,    such as “normal”/ “abnormal”,”low” / “high”, “better” / “worse”, “susceptible” / “resistant”, “expected”/ “not expected”.    The value set is intended to be for ANY use where coded representation of an interpretation is needed.   \r\n   \r\n   Notes:\r\n   \r\n   This is being communicated in v2.x in OBX-8 (Observation Interpretation), in v3 in ObservationInterpretation (CWE) in R1 (Representative Realm) and in FHIR in    Observation.interpretation. Historically these values come from the laboratory domain, and these codes are extensively    used. The value set binding is extensible, so codes outside the value set that are needed for interpretation concepts    (i.e. particular meanings) that are not included in the value set can be used, and these new codes may also be added to    the value set and published in a future version.",
      "systems" : [
        "http://terminology.hl7.org/CodeSystem/v3-ObservationInterpretation"
      ],
      "oids" : ["2.16.840.1.113883.4.642.3.399"],
      "sources" : ["2.16.840.1.113883.4.642.3.399"],
      "uses" : {
      },
      "StructureDefinition-bodyweight.html" : "Observation Body Weight Profile"
    },
    {
      "url" : "http://hl7.org/fhir/ValueSet/observation-methods",
      "version" : "4.0.1",
      "status" : "draft",
      "name" : "ObservationMethods",
      "title" : "Observation Methods",
      "description" : "Observation Method codes from [SNOMED CT](http://snomed.info/sct) where concept is-a 272394005 (Technique (qualifier value)) or is-a 129264002 (Action (qualifier value)) or is-a 386053000 (Evaluation procedure(procedure))",
      "systems" : ["http://snomed.info/sct"],
      "oids" : ["2.16.840.1.113883.4.642.3.395"],
      "sources" : ["2.16.840.1.113883.4.642.3.395"],
      "uses" : {
      },
      "StructureDefinition-bodyweight.html" : "Observation Body Weight Profile"
    },
    {
      "url" : "http://hl7.org/fhir/ValueSet/observation-status",
      "version" : "4.0.1",
      "status" : "active",
      "name" : "ObservationStatus",
      "title" : "ObservationStatus",
      "description" : "Codes providing the status of an observation.",
      "systems" : ["http://hl7.org/fhir/observation-status"],
      "oids" : ["2.16.840.1.113883.4.642.3.400"],
      "sources" : ["2.16.840.1.113883.4.642.3.400"],
      "uses" : {
      },
      "StructureDefinition-bodyweight.html" : "Observation Body Weight Profile"
    },
    {
      "url" : "http://hl7.org/fhir/ValueSet/observation-vitalsignresult",
      "version" : "4.0.1",
      "status" : "active",
      "name" : "VitalSigns",
      "title" : "Vital Signs",
      "description" : "This value set indicates the allowed vital sign result types.   The LOINC code for Vitals Signs panel (85353-1) is a grouping structure for a set of vital signs and includes related links (with type=has-member) to the Observations in this set (e.g. respiratory rate, heart rate, BP).  The Blood pressure panel (85354-9) is used to group the component observations Systolic blood pressure (8480-6) and Diastolic blood pressure (8462-4).",
      "systems" : ["http://loinc.org"],
      "oids" : ["2.16.840.1.113883.3.88.12.80.62"],
      "sources" : ["2.16.840.1.113883.3.88.12.80.62"],
      "uses" : {
      },
      "StructureDefinition-bodyweight.html" : "Observation Body Weight Profile"
    },
    {
      "url" : "http://hl7.org/fhir/ValueSet/performer-role",
      "version" : "4.0.1",
      "status" : "draft",
      "name" : "ProcedurePerformerRoleCodes",
      "title" : "Procedure Performer Role Codes",
      "description" : "This example value set defines the set of codes that can be used to indicate a role of a procedure performer.",
      "systems" : ["http://snomed.info/sct"],
      "oids" : ["2.16.840.1.113883.4.642.3.433"],
      "sources" : ["2.16.840.1.113883.4.642.3.433"],
      "uses" : {
      },
      "StructureDefinition-NzepsMedicationRequest.html" : "Medication Request resource for use in the NZ e-Prescription Service MDR"
    },
    {
      "url" : "http://hl7.org/fhir/ValueSet/quantity-comparator",
      "version" : "4.0.1",
      "status" : "active",
      "name" : "QuantityComparator",
      "title" : "QuantityComparator",
      "description" : "How the Quantity should be understood and represented.",
      "systems" : ["http://hl7.org/fhir/quantity-comparator"],
      "oids" : ["2.16.840.1.113883.4.642.3.59"],
      "sources" : ["2.16.840.1.113883.4.642.3.59"],
      "uses" : {
      },
      "StructureDefinition-bodyweight.html" : "Observation Body Weight Profile"
    },
    {
      "url" : "http://hl7.org/fhir/ValueSet/referencerange-appliesto",
      "version" : "4.0.1",
      "status" : "draft",
      "name" : "ObservationReferenceRangeAppliesToCodes",
      "title" : "Observation Reference Range Applies To Codes",
      "description" : "This value set defines a set of codes that can be used to indicate the particular target population the reference range applies to.",
      "systems" : [
        "http://terminology.hl7.org/CodeSystem/v3-Race",
        "http://snomed.info/sct"
      ],
      "oids" : ["2.16.840.1.113883.4.642.3.407"],
      "sources" : ["2.16.840.1.113883.4.642.3.407"],
      "uses" : {
      },
      "StructureDefinition-bodyweight.html" : "Observation Body Weight Profile"
    },
    {
      "url" : "http://hl7.org/fhir/ValueSet/referencerange-meaning",
      "version" : "4.0.1",
      "status" : "draft",
      "name" : "ObservationReferenceRangeMeaningCodes",
      "title" : "Observation Reference Range Meaning Codes",
      "description" : "This value set defines a set of codes that can be used to indicate the meaning/use of a reference range for a particular target population.",
      "systems" : [
        "http://terminology.hl7.org/CodeSystem/referencerange-meaning"
      ],
      "oids" : ["2.16.840.1.113883.4.642.3.397"],
      "sources" : ["2.16.840.1.113883.4.642.3.397"],
      "uses" : {
      },
      "StructureDefinition-bodyweight.html" : "Observation Body Weight Profile"
    },
    {
      "url" : "http://hl7.org/fhir/ValueSet/request-priority",
      "version" : "4.0.1",
      "status" : "draft",
      "name" : "RequestPriority",
      "title" : "Request priority",
      "description" : "The clinical priority of a diagnostic order.",
      "systems" : ["http://hl7.org/fhir/request-priority"],
      "oids" : ["2.16.840.1.113883.4.642.3.115"],
      "sources" : ["2.16.840.1.113883.4.642.3.115"],
      "uses" : {
      },
      "StructureDefinition-NzepsMedicationRequest.html" : "Medication Request resource for use in the NZ e-Prescription Service MDR"
    },
    {
      "url" : "http://hl7.org/fhir/ValueSet/ucum-bodyweight",
      "version" : "4.0.1",
      "status" : "draft",
      "name" : "BodyWeightUnits",
      "title" : "Body Weight Units",
      "description" : "UCUM units for recording Body Weight",
      "systems" : ["http://unitsofmeasure.org"],
      "oids" : ["2.16.840.1.113883.4.642.3.956"],
      "sources" : ["2.16.840.1.113883.4.642.3.956"],
      "uses" : {
      },
      "StructureDefinition-bodyweight.html" : "Observation Body Weight Profile"
    },
    {
      "url" : "http://hl7.org/fhir/ValueSet/ucum-vitals-common",
      "version" : "4.0.1",
      "status" : "draft",
      "name" : "VitalSignsUnits",
      "title" : "Vital Signs Units",
      "description" : "Common UCUM units for recording Vital Signs",
      "systems" : ["http://unitsofmeasure.org"],
      "oids" : ["2.16.840.1.113883.4.642.3.955"],
      "sources" : ["2.16.840.1.113883.4.642.3.955"],
      "uses" : {
      },
      "StructureDefinition-bodyweight.html" : "Observation Body Weight Profile"
    },
    {
      "url" : "http://terminology.hl7.org/ValueSet/v3-ActPharmacySupplyType",
      "version" : "3.0.0",
      "status" : "active",
      "name" : "ActPharmacySupplyType",
      "title" : "ActPharmacySupplyType",
      "description" : "Identifies types of dispensing events",
      "systems" : ["http://terminology.hl7.org/CodeSystem/v3-ActCode"],
      "oids" : ["2.16.840.1.113883.1.11.16208"],
      "sources" : ["2.16.840.1.113883.1.11.16208"],
      "uses" : {
      },
      "StructureDefinition-NzepsMedicationDispense.html" : "Medication Dispense resource for use in NZ e-Prescription Service MDR"
    },
    {
      "url" : "http://terminology.hl7.org/ValueSet/v3-ActSubstanceAdminSubstitutionCode",
      "version" : "3.0.0",
      "status" : "active",
      "name" : "ActSubstanceAdminSubstitutionCode",
      "title" : "ActSubstanceAdminSubstitutionCode",
      "description" : "***No description***",
      "systems" : [
        "http://terminology.hl7.org/CodeSystem/v3-substanceAdminSubstitution"
      ],
      "oids" : ["2.16.840.1.113883.1.11.16621"],
      "sources" : ["2.16.840.1.113883.1.11.16621"],
      "uses" : {
      },
      "StructureDefinition-NzepsMedicationRequest.html" : "Medication Request resource for use in the NZ e-Prescription Service MDR",
      "StructureDefinition-NzepsMedicationDispense.html" : "Medication Dispense resource for use in NZ e-Prescription Service MDR"
    },
    {
      "url" : "http://terminology.hl7.org/ValueSet/v3-SubstanceAdminSubstitutionReason",
      "version" : "3.0.0",
      "status" : "active",
      "name" : "SubstanceAdminSubstitutionReason",
      "title" : "SubstanceAdminSubstitutionReason",
      "description" : "***No description***",
      "systems" : ["http://terminology.hl7.org/CodeSystem/v3-ActReason"],
      "oids" : ["2.16.840.1.113883.1.11.19377"],
      "sources" : ["2.16.840.1.113883.1.11.19377"],
      "uses" : {
      },
      "StructureDefinition-NzepsMedicationRequest.html" : "Medication Request resource for use in the NZ e-Prescription Service MDR",
      "StructureDefinition-NzepsMedicationDispense.html" : "Medication Dispense resource for use in NZ e-Prescription Service MDR"
    }
  ]
}
